id,grade,age,school code,sex,homeless,disadvantaged,specialneeds,excused1,unexcused1,tardy1,excused2,unexcused2,tardy2,excused3,unexcused3,tardy3,excused4,unexcused4,tardy4
300053,11,16,1,F,N,,,12,0,0,0,0,0,0,0,0,0,0,0
300340,12,17,1,M,N,,,5,0,3,0,0,0,0,0,0,0,0,0
300344,10,15,1,M,N,,,0,0,0,0,0,0,0,0,0,0,0,0
300345,9,15,1,M,N,,504,7,0,3,0,0,0,0,0,0,0,0,0
300628,12,17,1,F,N,,,0,0,3,0,0,0,0,0,0,0,0,0
300629,10,16,1,F,N,,,25,8,7,0,0,0,0,0,0,0,0,0
300630,10,15,1,M,N,,504,2,0,1,0,0,0,0,0,0,0,0,0
300631,9,14,1,F,N,,,0,0,0,0,0,0,0,0,0,0,0,0
300908,12,18,1,F,N,,,0,0,3,0,0,0,0,0,0,0,0,0
300909,10,17,1,M,N,,IEP,5,0,0,0,0,0,0,0,0,0,0,0
300911,9,14,1,F,N,,504,0,0,0,0,0,0,0,0,0,0,0,0
301188,12,17,1,M,N,,504,1,0,2,0,0,0,0,0,0,0,0,0
301191,9,14,1,F,N,,,0,0,0,0,0,0,0,0,0,0,0,0
301466,12,17,1,F,N,,,0,0,0,0,0,0,0,0,0,0,0,0
301467,11,16,1,F,N,,,16,0,2,0,0,0,0,0,0,0,0,0
301745,11,16,1,M,N,,504,0,0,0,0,0,0,0,0,0,0,0,0
301747,9,14,1,F,N,,,0,1,0,0,0,0,0,0,0,0,0,0
302028,12,17,1,M,N,,,0,0,2,0,0,0,0,0,0,0,0,0
302032,10,15,1,F,N,,,0,0,0,0,0,0,0,0,0,0,0,0
302033,8,14,2,M,N,,,0,0,0,0,0,0,0,0,0,0,0,0
302316,9,15,1,F,N,,504,1,6,0,0,0,0,0,0,0,0,0,0
302317,9,15,1,M,N,,,1,0,0,0,0,0,0,0,0,0,0,0
302596,12,18,1,F,N,,504,0,1,5,0,0,0,0,0,0,0,0,0
302600,10,15,1,F,N,,,0,0,0,0,0,0,0,0,0,0,0,0
302601,9,15,1,M,N,,,3,0,0,0,0,0,0,0,0,0,0,0
302876,12,17,1,F,N,,,3,0,0,0,0,0,0,0,0,0,0,0
302877,11,17,1,F,N,,,0,0,0,0,0,0,0,0,0,0,0,0
302878,10,15,1,M,N,,504,16,1,4,0,0,0,0,0,0,0,0,0
303158,9,15,1,M,N,,IEP,0,3,8,0,0,0,0,0,0,0,0,0
303159,9,14,1,F,N,,,0,2,0,0,0,0,0,0,0,0,0,0
303438,12,17,1,F,N,,,13,0,1,0,0,0,0,0,0,0,0,0
303439,11,16,1,F,N,,,0,2,1,0,0,0,0,0,0,0,0,0
303441,9,14,1,M,N,,,0,0,1,0,0,0,0,0,0,0,0,0
303724,12,17,1,F,N,,504,0,1,0,0,0,0,0,0,0,0,0,0
303725,11,16,1,M,N,,IEP,0,6,2,0,0,0,0,0,0,0,0,0
303726,10,16,1,M,N,,504,0,0,0,0,0,0,0,0,0,0,0,0
303727,9,14,1,F,N,,IEP,6,0,3,0,0,0,0,0,0,0,0,0
304002,12,18,1,M,N,,IEP,0,0,1,0,0,0,0,0,0,0,0,0
304003,11,16,1,M,N,,IEP,0,0,0,0,0,0,0,0,0,0,0,0
304004,10,15,1,M,N,,,11,0,0,0,0,0,0,0,0,0,0,0
304005,8,14,2,M,N,,IEP,0,1,0,0,0,0,0,0,0,0,0,0
304284,10,15,1,M,N,,,0,0,0,0,0,0,0,0,0,0,0,0
304285,9,15,1,F,N,,,4,2,2,0,0,0,0,0,0,0,0,0
304560,12,17,1,F,N,,IEP,0,2,2,0,0,0,0,0,0,0,0,0
304561,11,17,1,M,N,,,0,0,0,0,0,0,0,0,0,0,0,0
304562,9,15,1,M,N,,IEP,6,4,0,0,0,0,0,0,0,0,0,0
304563,9,14,1,M,N,,,6,7,2,0,0,0,0,0,0,0,0,0
304840,11,17,1,M,N,,504,7,0,3,0,0,0,0,0,0,0,0,0
304841,11,16,1,F,N,,,0,1,0,0,0,0,0,0,0,0,0,0
305124,12,17,1,M,N,,,0,0,0,0,0,0,0,0,0,0,0,0
305129,9,14,1,F,N,,,0,0,0,0,0,0,0,0,0,0,0,0
305404,12,17,1,M,N,,,0,0,1,0,0,0,0,0,0,0,0,0
305408,10,15,1,M,N,,,1,0,0,0,0,0,0,0,0,0,0,0
305409,9,14,1,M,N,,IEP,0,1,0,0,0,0,0,0,0,0,0,0
305686,12,17,1,M,N,,,0,1,2,0,0,0,0,0,0,0,0,0
305967,11,17,1,F,N,,,4,0,5,0,0,0,0,0,0,0,0,0
305969,9,14,1,M,N,,,0,0,0,0,0,0,0,0,0,0,0,0
306248,12,17,1,M,N,,504,0,0,6,0,0,0,0,0,0,0,0,0
306249,11,16,1,M,N,,,0,0,0,0,0,0,0,0,0,0,0,0
306250,10,15,1,F,N,,,0,0,0,0,0,0,0,0,0,0,0,0
306251,9,14,1,F,N,,,6,0,1,0,0,0,0,0,0,0,0,0
306530,10,15,1,F,N,,,7,0,1,0,0,0,0,0,0,0,0,0
306531,9,14,1,F,N,,,0,0,1,0,0,0,0,0,0,0,0,0
306812,12,17,1,M,N,,,8,0,4,0,0,0,0,0,0,0,0,0
306813,11,16,1,M,N,,504,7,0,0,0,0,0,0,0,0,0,0,0
306814,10,15,1,M,N,,,0,0,0,0,0,0,0,0,0,0,0,0
306815,9,14,1,M,N,,,0,0,3,0,0,0,0,0,0,0,0,0
307090,12,17,1,M,N,,,3,8,9,0,0,0,0,0,0,0,0,0
307091,11,16,1,M,N,,IEP,0,0,1,0,0,0,0,0,0,0,0,0
307093,8,14,2,M,N,,IEP,0,0,0,0,0,0,0,0,0,0,0,0
307374,10,15,1,M,N,,,10,0,2,0,0,0,0,0,0,0,0,0
307375,9,14,1,F,N,,504,18,2,1,0,0,0,0,0,0,0,0,0
307653,11,16,1,M,N,,,0,0,1,0,0,0,0,0,0,0,0,0
307654,10,15,1,M,N,,,0,1,0,0,0,0,0,0,0,0,0,0
307655,9,14,1,M,N,,,6,0,0,0,0,0,0,0,0,0,0,0
307930,12,17,1,M,N,,,0,1,4,0,0,0,0,0,0,0,0,0
307932,10,15,1,F,N,,,0,0,0,0,0,0,0,0,0,0,0,0
307933,9,14,1,M,N,,,6,0,1,0,0,0,0,0,0,0,0,0
308210,10,15,1,M,N,,,0,0,0,0,0,0,0,0,0,0,0,0
308490,12,17,1,F,N,,,1,0,2,0,0,0,0,0,0,0,0,0
308491,11,16,1,M,N,,504,0,0,0,0,0,0,0,0,0,0,0,0
308492,10,15,1,F,N,,,0,0,0,0,0,0,0,0,0,0,0,0
308493,9,14,1,M,N,,,0,0,1,0,0,0,0,0,0,0,0,0
308774,11,17,1,F,N,,,0,0,1,0,0,0,0,0,0,0,0,0
308775,11,16,1,M,N,,IEP,0,0,2,0,0,0,0,0,0,0,0,0
308777,9,14,1,M,N,,,0,0,0,0,0,0,0,0,0,0,0,0
309052,12,17,1,F,N,,,0,0,1,0,0,0,0,0,0,0,0,0
309053,11,16,1,M,N,,,0,0,0,0,0,0,0,0,0,0,0,0
309055,9,14,1,M,N,,,0,0,0,0,0,0,0,0,0,0,0,0
309334,11,17,1,F,N,,,0,0,0,0,0,0,0,0,0,0,0,0
309335,11,16,1,F,N,,504,0,0,0,0,0,0,0,0,0,0,0,0
309336,10,15,1,M,N,,,0,0,1,0,0,0,0,0,0,0,0,0
309611,12,19,1,F,N,,IEP,1,0,1,0,0,0,0,0,0,0,0,0
309615,10,16,1,M,N,,IEP,2,0,2,0,0,0,0,0,0,0,0,0
310182,12,17,1,M,N,,,0,0,0,0,0,0,0,0,0,0,0,0
310184,10,16,1,M,N,,,0,0,1,0,0,0,0,0,0,0,0,0
310464,10,15,1,M,N,,,0,0,0,0,0,0,0,0,0,0,0,0
310743,9,14,1,M,N,,,0,1,0,0,0,0,0,0,0,0,0,0
311019,11,18,1,M,N,,IEP,0,45,5,0,0,0,0,0,0,0,0,0
311020,12,17,1,M,N,,504,7,2,0,0,0,0,0,0,0,0,0,0
311021,11,16,1,M,N,,,0,0,1,0,0,0,0,0,0,0,0,0
311022,10,15,1,F,N,,,0,1,1,0,0,0,0,0,0,0,0,0
311023,9,14,1,M,N,,,0,3,1,0,0,0,0,0,0,0,0,0
311300,10,15,1,M,N,,,7,0,1,0,0,0,0,0,0,0,0,0
311301,9,14,1,M,N,,,0,1,0,0,0,0,0,0,0,0,0,0
311586,12,17,1,F,N,,,0,0,0,0,0,0,0,0,0,0,0,0
311587,11,16,1,F,N,,,2,0,1,0,0,0,0,0,0,0,0,0
311588,10,15,1,M,N,,,0,0,0,0,0,0,0,0,0,0,0,0
311589,9,14,1,F,N,,,0,0,0,0,0,0,0,0,0,0,0,0
311872,10,15,1,M,N,,,0,0,1,0,0,0,0,0,0,0,0,0
312156,12,17,1,M,N,,,6,2,5,0,0,0,0,0,0,0,0,0
312160,9,15,1,M,N,,,8,1,1,0,0,0,0,0,0,0,0,0
312161,9,14,1,M,N,,504,0,0,0,0,0,0,0,0,0,0,0,0
312440,10,15,1,F,N,,,0,1,2,0,0,0,0,0,0,0,0,0
312441,9,14,1,F,N,,,1,0,3,0,0,0,0,0,0,0,0,0
312724,10,15,1,F,N,,,11,1,2,0,0,0,0,0,0,0,0,0
313004,11,17,1,M,N,,IEP,0,1,3,0,0,0,0,0,0,0,0,0
313006,10,15,1,F,N,,,11,0,1,0,0,0,0,0,0,0,0,0
313007,9,14,1,M,N,,504,1,4,4,0,0,0,0,0,0,0,0,0
313284,12,17,1,F,N,,,0,0,1,0,0,0,0,0,0,0,0,0
313286,10,15,1,F,N,,,10,1,4,0,0,0,0,0,0,0,0,0
313571,9,15,1,M,N,,IEP,6,1,0,0,0,0,0,0,0,0,0,0
313853,10,16,1,F,N,,,1,3,7,0,0,0,0,0,0,0,0,0
313855,9,14,1,M,N,,,0,0,0,0,0,0,0,0,0,0,0,0
314139,9,14,1,F,N,,IEP,12,1,2,0,0,0,0,0,0,0,0,0
314416,12,17,1,M,N,,504,0,1,1,0,0,0,0,0,0,0,0,0
314419,9,14,1,F,N,,,5,1,1,0,0,0,0,0,0,0,0,0
314702,12,18,1,M,N,,,0,0,1,0,0,0,0,0,0,0,0,0
314992,10,16,1,M,N,,IEP,0,0,1,0,0,0,0,0,0,0,0,0
315279,9,14,1,M,N,,,0,0,2,0,0,0,0,0,0,0,0,0
315564,12,17,1,F,N,,,0,0,1,0,0,0,0,0,0,0,0,0
316142,12,17,1,F,N,,,0,0,0,0,0,0,0,0,0,0,0,0
316434,10,15,1,M,N,,,3,0,0,0,0,0,0,0,0,0,0,0
317586,12,18,1,M,N,,IEP,4,0,1,0,0,0,0,0,0,0,0,0
317590,10,16,1,M,N,,,0,0,0,0,0,0,0,0,0,0,0,0
317873,AW,19,1,M,N,,IEP,0,0,0,0,0,0,0,0,0,0,0,0
317874,12,17,1,M,N,,,12,0,1,0,0,0,0,0,0,0,0,0
319040,11,17,1,F,N,,,0,0,1,0,0,0,0,0,0,0,0,0
320812,12,17,1,F,N,,IEP,4,9,6,0,0,0,0,0,0,0,0,0
707938,12,17,1,M,N,,,9,4,7,0,0,0,0,0,0,0,0,0
711826,12,17,1,F,N,,IEP,5,1,3,0,0,0,0,0,0,0,0,0
713622,12,17,1,F,N,,IEP,2,7,10,0,0,0,0,0,0,0,0,0
714220,12,17,1,M,N,,,0,0,0,0,0,0,0,0,0,0,0,0
720190,12,17,1,F,N,,,8,0,1,0,0,0,0,0,0,0,0,0
720492,10,15,1,M,N,,,0,8,0,0,0,0,0,0,0,0,0,0
720784,12,17,1,F,N,,,0,2,0,0,0,0,0,0,0,0,0,0
721082,11,17,1,M,N,,IEP,0,0,0,0,0,0,0,0,0,0,0,0
721676,12,17,1,F,N,,IEP,5,0,9,0,0,0,0,0,0,0,0,0
722874,9,15,1,M,N,,504,1,2,1,0,0,0,0,0,0,0,0,0
723172,10,15,1,M,N,,504,0,0,0,0,0,0,0,0,0,0,0,0
724362,12,17,1,F,N,,,0,1,0,0,0,0,0,0,0,0,0,0
724660,12,17,1,F,N,,,0,0,1,0,0,0,0,0,0,0,0,0
726461,10,16,1,M,N,,,0,0,0,0,0,0,0,0,0,0,0,0
726765,9,14,1,M,N,,,1,0,0,0,0,0,0,0,0,0,0,0
728557,9,14,1,F,N,,504,0,1,2,0,0,0,0,0,0,0,0,0
728853,9,14,1,M,N,,504,0,0,0,0,0,0,0,0,0,0,0,0
730637,12,17,1,F,N,,,5,0,0,0,0,0,0,0,0,0,0,0
730644,10,15,1,M,N,,,1,0,1,0,0,0,0,0,0,0,0,0
730933,12,17,1,M,N,,,0,0,6,0,0,0,0,0,0,0,0,0
731231,12,17,1,M,N,,,0,5,2,0,0,0,0,0,0,0,0,0
731238,10,15,1,M,N,,,0,0,0,0,0,0,0,0,0,0,0,0
731527,12,17,1,F,N,,,12,0,0,0,0,0,0,0,0,0,0,0
731534,10,15,1,F,N,,,0,0,1,0,0,0,0,0,0,0,0,0
731823,12,17,1,F,N,,504,5,1,7,0,0,0,0,0,0,0,0,0
732128,10,16,1,F,N,,,24,0,0,0,0,0,0,0,0,0,0,0
732426,10,15,1,F,N,,,0,0,0,0,0,0,0,0,0,0,0,0
733024,10,15,1,F,N,,,0,0,0,0,0,0,0,0,0,0,0,0
733322,9,15,1,M,N,,IEP,0,0,0,0,0,0,0,0,0,0,0,0
733618,9,15,1,M,N,,IEP,0,0,0,0,0,0,0,0,0,0,0,0
733916,10,15,1,M,N,,IEP,6,1,0,0,0,0,0,0,0,0,0,0
734211,11,17,1,F,N,,,0,1,0,0,0,0,0,0,0,0,0,0
734507,11,16,1,M,N,,,1,0,4,0,0,0,0,0,0,0,0,0
735103,11,17,1,M,N,,504,2,0,2,0,0,0,0,0,0,0,0,0
735699,11,16,1,M,N,,,0,0,0,0,0,0,0,0,0,0,0,0
735700,10,15,1,M,N,,,0,0,0,0,0,0,0,0,0,0,0,0
738384,12,17,1,F,N,,,0,2,9,0,0,0,0,0,0,0,0,0
741966,10,15,1,F,N,,,1,0,0,0,0,0,0,0,0,0,0,0
744052,12,17,1,F,N,,,8,9,9,0,0,0,0,0,0,0,0,0
744943,11,16,1,M,N,,504,1,0,1,0,0,0,0,0,0,0,0,0
745540,10,15,1,M,N,,,0,0,1,0,0,0,0,0,0,0,0,0
745838,10,16,1,M,N,,,2,1,1,0,0,0,0,0,0,0,0,0
746730,10,15,1,F,N,,,0,0,1,0,0,0,0,0,0,0,0,0
747026,10,15,1,F,N,,,1,2,0,0,0,0,0,0,0,0,0,0
749713,11,16,1,M,N,,,0,0,0,0,0,0,0,0,0,0,0,0
752407,9,14,1,F,N,,,1,1,0,0,0,0,0,0,0,0,0,0
753303,9,14,1,M,N,,,0,0,0,0,0,0,0,0,0,0,0,0
753899,9,14,1,M,N,,,0,1,1,0,0,0,0,0,0,0,0,0
754495,9,14,1,M,N,,IEP,6,0,1,0,0,0,0,0,0,0,0,0
755394,8,13,2,M,N,,,0,0,0,0,0,0,0,0,0,0,0,0
755990,8,13,2,M,N,YES,,0,0,0,0,0,0,0,0,0,0,0,0
756586,8,13,2,F,N,,,0,0,0,0,0,0,0,0,0,0,0,0
757182,8,13,2,F,N,,,0,0,0,0,0,0,0,0,0,0,0,0
757480,8,13,2,F,N,YES,IEP,0,0,1,0,0,0,0,0,0,0,0,0
758078,8,13,2,M,N,YES,IEP,2,0,1,0,0,0,0,0,0,0,0,0
758676,8,13,2,F,N,,,0,0,0,0,0,0,0,0,0,0,0,0
759572,8,13,2,M,N,,,0,1,0,0,0,0,0,0,0,0,0,0
759864,10,15,1,F,N,,,0,0,0,0,0,0,0,0,0,0,0,0
760168,8,13,2,F,N,,,0,0,0,0,0,0,0,0,0,0,0,0
761962,8,13,2,M,N,YES,,1,0,0,0,0,0,0,0,0,0,0,0
763453,9,14,1,M,N,,,7,0,3,0,0,0,0,0,0,0,0,0
763745,11,15,1,M,N,,,0,0,3,0,0,0,0,0,0,0,0,0
765241,11,16,1,M,N,,,0,0,0,0,0,0,0,0,0,0,0,0
765845,9,14,1,F,N,,,0,0,1,0,0,0,0,0,0,0,0,0
767338,8,13,2,M,N,,,0,0,0,0,0,0,0,0,0,0,0,0
767936,8,13,2,M,N,,,0,0,0,0,0,0,0,0,0,0,0,0
768234,8,13,2,M,N,,,0,0,1,0,0,0,0,0,0,0,0,0
769130,7,13,2,F,N,YES,IEP,0,0,2,0,0,0,0,0,0,0,0,0
769428,8,13,2,M,N,,IEP,1,0,0,0,0,0,0,0,0,0,0,0
769726,8,13,2,M,N,,IEP,2,0,1,0,0,0,0,0,0,0,0,0
771223,7,13,2,F,N,,,0,0,0,0,0,0,0,0,0,0,0,0
771821,7,12,2,F,N,,,0,0,0,0,0,0,0,0,0,0,0,0
772119,7,12,2,M,N,,IEP,0,0,0,0,0,0,0,0,0,0,0,0
772717,7,12,2,F,N,YES,,0,0,1,0,0,0,0,0,0,0,0,0
775405,7,12,2,F,N,,,0,0,0,0,0,0,0,0,0,0,0,0
776600,8,13,2,F,N,,IEP,0,0,0,0,0,0,0,0,0,0,0,0
778090,8,13,2,M,N,,,0,0,0,0,0,0,0,0,0,0,0,0
778986,8,13,2,F,N,,504,1,0,0,0,0,0,0,0,0,0,0,0
779582,8,13,2,F,N,,,0,0,0,0,0,0,0,0,0,0,0,0
779874,10,15,1,F,N,,504,0,0,0,0,0,0,0,0,0,0,0,0
780479,7,12,2,M,N,,,1,0,0,0,0,0,0,0,0,0,0,0
782269,7,12,2,M,N,YES,,0,0,0,0,0,0,0,0,0,0,0,0
782567,7,12,2,M,N,YES,IEP,1,0,3,0,0,0,0,0,0,0,0,0
782865,7,12,2,M,N,,,0,0,0,0,0,0,0,0,0,0,0,0
783761,7,12,2,F,N,YES,,0,0,0,0,0,0,0,0,0,0,0,0
784056,8,13,2,M,Y,YES,,1,0,1,0,0,0,0,0,0,0,0,0
784351,9,15,1,M,N,,,0,0,1,0,0,0,0,0,0,0,0,0
784646,10,15,1,F,N,,,8,0,1,0,0,0,0,0,0,0,0,0
784942,8,13,2,M,N,,504,1,0,1,0,0,0,0,0,0,0,0,0
898334,10,15,1,M,N,,504,0,0,0,0,0,0,0,0,0,0,0,0
898338,8,13,2,M,N,YES,IEP,0,0,3,0,0,0,0,0,0,0,0,0
898614,12,17,1,M,N,,,1,4,9,0,0,0,0,0,0,0,0,0
898615,11,16,1,M,N,,IEP,0,0,0,0,0,0,0,0,0,0,0,0
898911,7,12,2,M,N,,,0,0,1,0,0,0,0,0,0,0,0,0
899203,6,12,2,M,N,,,0,0,1,0,0,0,0,0,0,0,0,0
899474,12,17,1,M,N,,,0,1,4,0,0,0,0,0,0,0,0,0
899769,7,12,2,F,N,,,1,0,1,0,0,0,0,0,0,0,0,0
900047,11,16,1,F,N,,,0,0,10,0,0,0,0,0,0,0,0,0
900051,9,14,1,F,N,,IEP,0,9,7,0,0,0,0,0,0,0,0,0
900332,12,17,1,F,N,,IEP,10,3,1,0,0,0,0,0,0,0,0,0
900336,10,15,1,M,N,,,2,0,3,0,0,0,0,0,0,0,0,0
900343,7,12,2,M,N,,,0,0,0,0,0,0,0,0,0,0,0,0
900618,12,17,1,F,N,,,5,8,3,0,0,0,0,0,0,0,0,0
900629,7,12,2,M,N,,,0,0,1,0,0,0,0,0,0,0,0,0
900910,10,15,1,M,N,,,0,0,0,0,0,0,0,0,0,0,0,0
900914,8,13,2,F,N,,,0,0,1,0,0,0,0,0,0,0,0,0
900915,7,12,2,F,N,,,0,0,1,0,0,0,0,0,0,0,0,0
901487,8,14,2,M,N,,IEP,3,0,0,0,0,0,0,0,0,0,0,0
901783,7,12,2,M,N,,IEP,0,0,0,0,0,0,0,0,0,0,0,0
902059,11,16,1,F,N,,IEP,8,0,2,0,0,0,0,0,0,0,0,0
902065,7,13,2,M,N,,,0,0,0,0,0,0,0,0,0,0,0,0
902640,12,17,1,F,N,,,0,0,0,0,0,0,0,0,0,0,0,0
902650,8,13,2,F,N,YES,,1,0,1,0,0,0,0,0,0,0,0,0
902926,12,17,1,M,N,,,101,1,0,0,0,0,0,0,0,0,0,0
902927,11,16,1,M,N,,,0,0,3,0,0,0,0,0,0,0,0,0
902928,10,15,1,F,N,,,0,0,0,0,0,0,0,0,0,0,0,0
902933,7,12,2,M,N,,IEP,0,0,0,0,0,0,0,0,0,0,0,0
903227,7,12,2,M,N,,,0,0,0,0,0,0,0,0,0,0,0,0
903504,11,17,1,M,N,,,0,0,1,0,0,0,0,0,0,0,0,0
903508,10,15,1,F,N,,,0,0,0,0,0,0,0,0,0,0,0,0
903512,7,13,2,M,N,YES,IEP,1,0,0,0,0,0,0,0,0,0,0,0
903513,7,12,2,M,N,YES,IEP,0,1,0,0,0,0,0,0,0,0,0,0
903796,10,15,1,F,N,,,0,1,0,0,0,0,0,0,0,0,0,0
904660,12,17,1,M,N,,504,6,6,11,0,0,0,0,0,0,0,0,0
904661,11,16,1,M,N,,,0,1,2,0,0,0,0,0,0,0,0,0
904953,9,14,1,M,N,,,6,2,0,0,0,0,0,0,0,0,0,0
905522,12,17,1,F,N,,,1,1,5,0,0,0,0,0,0,0,0,0
905529,9,14,1,F,N,,IEP,11,1,2,0,0,0,0,0,0,0,0,0
905812,12,17,1,M,N,,504,0,1,4,0,0,0,0,0,0,0,0,0
906110,8,13,2,M,N,,,1,0,1,0,0,0,0,0,0,0,0,0
906393,11,16,1,F,N,,,3,3,1,0,0,0,0,0,0,0,0,0
906397,8,14,2,M,N,YES,IEP,0,0,0,0,0,0,0,0,0,0,0,0
906399,7,12,2,M,N,YES,IEP,0,0,0,0,0,0,0,0,0,0,0,0
906973,10,15,1,F,N,,,0,1,1,0,0,0,0,0,0,0,0,0
906980,8,13,2,M,N,YES,,0,0,3,0,0,0,0,0,0,0,0,0
907268,8,13,2,F,Y,YES,,0,0,3,0,0,0,0,0,0,0,0,0
907542,11,17,1,F,N,,IEP,5,0,0,0,0,0,0,0,0,0,0,0
907552,8,13,2,F,N,,,1,0,0,0,0,0,0,0,0,0,0,0
907553,6,12,2,F,N,,IEP,0,0,0,0,0,0,0,0,0,0,0,0
907844,8,13,2,M,N,,,0,0,0,0,0,0,0,0,0,0,0,0
907845,7,13,2,M,N,YES,IEP,0,0,1,0,0,0,0,0,0,0,0,0
908130,10,16,1,M,N,,,2,0,1,0,0,0,0,0,0,0,0,0
908131,9,14,1,F,N,,,0,0,0,0,0,0,0,0,0,0,0,0
908132,8,13,2,F,N,,,0,0,3,0,0,0,0,0,0,0,0,0
908133,7,12,2,M,N,,,1,0,0,0,0,0,0,0,0,0,0,0
908416,10,15,1,M,N,,,6,0,3,0,0,0,0,0,0,0,0,0
908421,7,12,2,M,N,,,0,0,0,0,0,0,0,0,0,0,0,0
908713,7,12,2,F,N,YES,,1,0,0,0,0,0,0,0,0,0,0,0
908994,12,17,1,F,N,,,2,0,1,0,0,0,0,0,0,0,0,0
908995,11,16,1,M,N,,504,3,0,0,0,0,0,0,0,0,0,0,0
909006,8,13,2,F,Y,YES,,7,0,1,0,0,0,0,0,0,0,0,0
909282,12,17,1,M,N,,,2,0,2,0,0,0,0,0,0,0,0,0
909283,11,17,1,F,N,,,0,0,1,0,0,0,0,0,0,0,0,0
909284,10,15,1,F,N,,504,45,3,0,0,0,0,0,0,0,0,0,0
909285,9,14,1,M,N,,,0,1,0,0,0,0,0,0,0,0,0,0
909286,8,13,2,M,N,,,0,0,0,0,0,0,0,0,0,0,0,0
909567,11,16,1,M,N,,504,0,4,4,0,0,0,0,0,0,0,0,0
909568,10,15,1,M,N,,,0,2,7,0,0,0,0,0,0,0,0,0
909859,9,14,1,F,N,,,6,1,0,0,0,0,0,0,0,0,0,0
910145,11,17,1,M,N,,,6,2,1,0,0,0,0,0,0,0,0,0
910150,8,13,2,M,N,YES,IEP,0,0,0,0,0,0,0,0,0,0,0,0
910442,9,15,1,M,N,,504,2,2,5,0,0,0,0,0,0,0,0,0
910724,12,17,1,F,N,,,6,7,6,0,0,0,0,0,0,0,0,0
910725,10,16,1,M,N,,IEP,10,1,0,0,0,0,0,0,0,0,0,0
910726,9,15,1,M,N,,504,0,0,3,0,0,0,0,0,0,0,0,0
910730,8,13,2,M,N,,,0,0,0,0,0,0,0,0,0,0,0,0
910731,7,12,2,M,N,YES,,1,0,0,0,0,0,0,0,0,0,0,0
911011,11,16,1,M,N,,IEP,0,0,0,0,0,0,0,0,0,0,0,0
911015,9,14,1,M,N,,504,2,0,3,0,0,0,0,0,0,0,0,0
911016,8,13,2,M,N,,,0,0,0,0,0,0,0,0,0,0,0,0
911300,12,17,1,M,N,,,1,1,0,0,0,0,0,0,0,0,0,0
911310,8,13,2,F,N,,,0,0,0,0,0,0,0,0,0,0,0,0
911600,8,13,2,F,N,,,0,0,0,0,0,0,0,0,0,0,0,0
911601,7,12,2,F,N,YES,,0,0,1,0,0,0,0,0,0,0,0,0
911876,11,17,1,M,N,,,0,1,0,0,0,0,0,0,0,0,0,0
911883,9,14,1,F,N,,IEP,0,0,1,0,0,0,0,0,0,0,0,0
911884,7,13,2,M,N,,,0,0,0,0,0,0,0,0,0,0,0,0
911885,7,12,2,M,N,YES,504,0,0,2,0,0,0,0,0,0,0,0,0
912458,10,15,1,M,N,,504,9,0,1,0,0,0,0,0,0,0,0,0
913042,11,17,1,M,N,,IEP,0,0,1,0,0,0,0,0,0,0,0,0
913636,10,15,1,F,N,,,0,0,0,0,0,0,0,0,0,0,0,0
913637,9,14,1,M,N,,,0,1,1,0,0,0,0,0,0,0,0,0
913929,8,14,2,F,N,YES,504,0,0,2,0,0,0,0,0,0,0,0,0
914503,11,17,1,M,N,,IEP,9,1,7,0,0,0,0,0,0,0,0,0
914505,8,14,2,F,N,,,0,0,0,0,0,0,0,0,0,0,0,0
914788,11,17,1,M,N,,504,10,6,8,0,0,0,0,0,0,0,0,0
914789,11,16,1,M,N,,,2,1,1,0,0,0,0,0,0,0,0,0
914793,8,14,2,M,N,,,1,0,1,0,0,0,0,0,0,0,0,0
915075,12,18,1,M,N,,504,0,0,1,0,0,0,0,0,0,0,0,0
915379,9,15,1,M,N,,,6,0,0,0,0,0,0,0,0,0,0,0
915667,11,16,1,M,N,,IEP,7,1,0,0,0,0,0,0,0,0,0,0
915671,9,14,1,F,N,,,12,1,0,0,0,0,0,0,0,0,0,0
915958,12,17,1,M,N,,504,0,2,0,0,0,0,0,0,0,0,0,0
915960,10,15,1,F,N,,IEP,0,3,2,0,0,0,0,0,0,0,0,0
916248,12,17,1,F,N,,IEP,3,2,2,0,0,0,0,0,0,0,0,0
916249,11,16,1,M,N,,,10,0,0,0,0,0,0,0,0,0,0,0
916250,10,15,1,M,N,,,0,0,2,0,0,0,0,0,0,0,0,0
916251,8,14,2,M,N,,IEP,1,0,1,0,0,0,0,0,0,0,0,0
917132,12,17,1,M,N,,,0,2,10,0,0,0,0,0,0,0,0,0
917137,9,14,1,F,N,,,0,1,0,0,0,0,0,0,0,0,0,0
918014,12,17,1,F,N,,,0,0,2,0,0,0,0,0,0,0,0,0
918312,10,15,1,M,N,,,0,0,0,0,0,0,0,0,0,0,0,0
2699988633,11,16,1,M,N,,,0,1,0,0,0,0,0,0,0,0,0,0
2699988551,8,13,2,M,N,,,0,0,1,0,0,0,0,0,0,0,0,0
2699988555,8,13,2,F,N,,,1,0,0,0,0,0,0,0,0,0,0,0
2699987996,8,13,2,M,N,,,0,0,0,0,0,0,0,0,0,0,0,0
2699987998,8,13,2,F,N,YES,,0,0,6,0,0,0,0,0,0,0,0,0
2699987999,8,14,2,M,N,,IEP,0,0,0,0,0,0,0,0,0,0,0,0
2699988000,8,13,2,M,N,,IEP,0,0,0,0,0,0,0,0,0,0,0,0
2699988001,8,13,2,F,N,,,0,0,0,0,0,0,0,0,0,0,0,0
2699988002,8,13,2,F,N,,,0,0,0,0,0,0,0,0,0,0,0,0
2699988001,8,13,2,F,N,,,0,0,2,0,0,0,0,0,0,0,0,0
2699988003,8,13,2,M,N,,,0,0,0,0,0,0,0,0,0,0,0,0
2699988006,8,13,2,F,N,YES,IEP,2,0,2,0,0,0,0,0,0,0,0,0
2699988009,8,13,2,F,N,,,1,0,0,0,0,0,0,0,0,0,0,0
2699988010,8,13,2,M,N,,504,0,0,0,0,0,0,0,0,0,0,0,0
2699988011,8,13,2,M,N,YES,IEP,2,0,0,0,0,0,0,0,0,0,0,0
2699988010,8,13,2,F,N,YES,,0,0,0,0,0,0,0,0,0,0,0,0
2699988012,8,13,2,F,N,,,1,0,1,0,0,0,0,0,0,0,0,0
2699988012,8,14,2,M,N,,,1,0,0,0,0,0,0,0,0,0,0,0
2699988015,9,14,1,M,N,,,0,0,1,0,0,0,0,0,0,0,0,0
2699988016,9,14,1,M,N,,IEP,17,3,9,0,0,0,0,0,0,0,0,0
2699988017,9,13,1,M,N,,,0,1,0,0,0,0,0,0,0,0,0,0
2699988019,10,16,1,M,N,,IEP,0,0,1,0,0,0,0,0,0,0,0,0
2699988020,9,15,1,M,N,,IEP,6,1,1,0,0,0,0,0,0,0,0,0
2699988009,11,16,1,F,N,,504,0,0,0,0,0,0,0,0,0,0,0,0
2699988014,11,16,1,M,N,,,0,0,1,0,0,0,0,0,0,0,0,0
2699988013,10,16,1,F,N,,,8,9,4,0,0,0,0,0,0,0,0,0
2699988011,10,16,1,M,N,,IEP,0,2,1,0,0,0,0,0,0,0,0,0
2699988008,11,17,1,F,N,,IEP,0,0,0,0,0,0,0,0,0,0,0,0
2699987986,10,15,1,M,N,,,0,11,3,0,0,0,0,0,0,0,0,0
2699987987,12,17,1,F,N,,,4,10,13,0,0,0,0,0,0,0,0,0
2699987996,8,14,2,F,N,YES,IEP,0,0,0,0,0,0,0,0,0,0,0,0
2699988147,8,13,2,M,N,YES,,0,0,0,0,0,0,0,0,0,0,0,0
2699988126,7,13,2,F,N,,IEP,2,0,1,0,0,0,0,0,0,0,0,0
2699988571,12,17,1,M,N,,,3,0,1,0,0,0,0,0,0,0,0,0
2699988106,12,17,1,F,N,,IEP,0,0,0,0,0,0,0,0,0,0,0,0
2699988107,10,15,1,F,N,,IEP,1,1,7,0,0,0,0,0,0,0,0,0
2699988114,12,17,1,M,N,,,20,0,0,0,0,0,0,0,0,0,0,0
2699987877,10,16,1,M,N,,,0,0,0,0,0,0,0,0,0,0,0,0
2699988022,7,12,2,M,N,YES,IEP,2,0,1,0,0,0,0,0,0,0,0,0
2699987850,10,15,1,F,N,,,1,1,1,0,0,0,0,0,0,0,0,0
2699986893,9,15,1,M,N,,504,0,0,3,0,0,0,0,0,0,0,0,0
2699986822,9,14,1,F,N,,,5,0,0,0,0,0,0,0,0,0,0,0
2699986743,7,12,2,F,N,,,3,0,0,0,0,0,0,0,0,0,0,0
2699986745,6,12,2,M,Y,YES,IEP,0,0,0,0,0,0,0,0,0,0,0,0
2699986738,6,11,2,M,N,,IEP,0,0,2,0,0,0,0,0,0,0,0,0
2699986735,6,11,2,M,N,,IEP,0,0,0,0,0,0,0,0,0,0,0,0
2699986730,5,11,3,M,N,YES,IEP,0,0,0,0,0,0,0,0,0,---,---,---
2699986731,6,11,2,F,N,YES,IEP,2,0,1,0,0,0,0,0,0,0,0,0
2699986728,5,11,5,M,N,YES,IEP,1,0,1,0,0,0,0,0,0,---,---,---
2699986725,6,11,2,M,N,,,0,1,0,0,0,0,0,0,0,0,0,0
2699987612,5,11,4,M,N,YES,504,1,0,0,0,0,0,0,0,0,---,---,---
2699987388,5,10,5,M,N,,,0,0,0,0,0,0,0,0,0,---,---,---
2699986617,9,14,1,F,N,,,0,0,1,0,0,0,0,0,0,0,0,0
2699986610,7,12,2,M,N,,,0,0,0,0,0,0,0,0,0,0,0,0
2699986636,10,16,1,M,N,,,0,0,0,0,0,0,0,0,0,0,0,0
2699986637,8,13,2,F,N,YES,IEP,1,0,0,0,0,0,0,0,0,0,0,0
2699986599,8,14,2,M,N,YES,IEP,0,0,0,0,0,0,0,0,0,0,0,0
2699986426,11,17,1,M,N,,,0,44,21,0,0,0,0,0,0,0,0,0
2699987937,7,12,2,M,N,YES,,0,0,2,0,0,0,0,0,0,0,0,0
2699988244,7,12,2,F,N,,,0,0,2,0,0,0,0,0,0,0,0,0
2699987945,7,12,2,M,N,,,0,0,0,0,0,0,0,0,0,0,0,0
2699986012,6,12,2,M,N,,,1,0,0,0,0,0,0,0,0,0,0,0
2699986013,7,12,2,F,N,YES,,0,0,2,0,0,0,0,0,0,0,0,0
2699987260,7,12,2,F,N,,,1,0,0,0,0,0,0,0,0,0,0,0
2699985979,7,12,2,M,N,,IEP,0,0,0,0,0,0,0,0,0,0,0,0
2699985923,7,12,2,M,N,,,0,0,0,0,0,0,0,0,0,0,0,0
2699985910,7,12,2,F,N,,,0,0,0,0,0,0,0,0,0,0,0,0
2699985887,7,12,2,M,N,YES,IEP,0,0,0,0,0,0,0,0,0,0,0,0
2699988062,6,12,2,M,N,,IEP,0,0,0,0,0,0,0,0,0,0,0,0
2699988657,7,12,2,F,N,YES,IEP,0,0,0,0,0,0,0,0,0,0,0,0
2699985878,7,12,2,F,N,,,1,1,0,0,0,0,0,0,0,0,0,0
2699985871,7,12,2,F,N,,,0,0,0,0,0,0,0,0,0,0,0,0
2699985843,10,16,1,F,N,,504,0,0,0,0,0,0,0,0,0,0,0,0
2699985810,7,12,2,F,N,,IEP,0,0,0,0,0,0,0,0,0,0,0,0
2699985797,7,12,2,M,N,,,0,0,0,0,0,0,0,0,0,0,0,0
2699985796,6,12,2,M,N,YES,IEP,0,0,0,0,0,0,0,0,0,0,0,0
2699985787,9,15,1,M,N,,IEP,19,0,1,0,0,0,0,0,0,0,0,0
2699985788,7,12,2,F,N,,IEP,0,3,1,0,0,0,0,0,0,0,0,0
2699985781,7,12,2,M,N,YES,,1,0,3,0,0,0,0,0,0,0,0,0
2699985770,9,14,1,M,N,,,0,0,4,0,0,0,0,0,0,0,0,0
2699985764,7,12,2,F,N,,,0,0,1,0,0,0,0,0,0,0,0,0
2699985736,7,12,2,F,N,,,1,0,0,0,0,0,0,0,0,0,0,0
2699985617,7,13,2,M,N,YES,,1,0,5,0,0,0,0,0,0,0,0,0
2699985604,7,12,2,M,N,YES,,0,0,0,0,0,0,0,0,0,0,0,0
2699985522,7,12,2,M,N,,,0,0,0,0,0,0,0,0,0,0,0,0
2699985456,10,15,1,M,N,,,3,0,0,0,0,0,0,0,0,0,0,0
2699985395,6,11,2,F,N,,,0,0,0,0,0,0,0,0,0,0,0,0
2699985387,6,11,2,M,N,,,1,0,0,0,0,0,0,0,0,0,0,0
2699985385,6,11,2,M,N,,,1,0,0,0,0,0,0,0,0,0,0,0
2699988152,6,11,2,F,N,,,0,0,0,0,0,0,0,0,0,0,0,0
2699988157,6,11,2,F,N,,,0,0,0,0,0,0,0,0,0,0,0,0
2699985549,6,11,2,F,N,,,0,0,0,0,0,0,0,0,0,0,0,0
2699988278,6,11,2,F,N,YES,,0,0,0,0,0,0,0,0,0,0,0,0
2699988279,6,11,2,F,N,YES,,0,0,0,0,0,0,0,0,0,0,0,0
2699988590,6,11,2,F,N,,IEP,0,0,0,0,0,0,0,0,0,0,0,0
2699987867,6,11,2,M,N,,,3,0,2,0,0,0,0,0,0,0,0,0
2699988436,6,11,2,M,N,YES,,0,0,0,0,0,0,0,0,0,0,0,0
2699988248,6,11,2,M,N,YES,,0,0,0,0,0,0,0,0,0,0,0,0
2699985358,11,16,1,M,N,,,0,0,0,0,0,0,0,0,0,0,0,0
2699988181,6,11,2,M,N,,,0,0,0,0,0,0,0,0,0,0,0,0
2699985355,6,11,2,F,N,YES,,0,0,1,0,0,0,0,0,0,0,0,0
2699985350,6,11,2,M,N,,,2,0,0,0,0,0,0,0,0,0,0,0
2699985335,6,11,2,F,N,,,0,0,0,0,0,0,0,0,0,0,0,0
2699985326,7,11,2,F,N,,,0,0,0,0,0,0,0,0,0,0,0,0
2699988451,7,12,2,F,N,,,0,0,0,0,0,0,0,0,0,0,0,0
2699988264,6,11,2,F,N,,,0,0,0,0,0,0,0,0,0,0,0,0
2699988178,6,11,2,F,N,,IEP,0,2,0,0,0,0,0,0,0,0,0,0
2699988261,6,11,2,M,N,YES,,0,0,0,0,0,0,0,0,0,0,0,0
2699985185,12,17,1,F,N,,,15,0,9,0,0,0,0,0,0,0,0,0
2699985182,7,12,2,M,N,YES,,3,0,6,0,0,0,0,0,0,0,0,0
2699985177,7,12,2,M,Y,YES,IEP,0,0,0,0,0,0,0,0,0,0,0,0
2699985149,7,12,2,F,N,,,0,0,0,0,0,0,0,0,0,0,0,0
2699985148,7,12,2,F,N,YES,,0,1,3,0,0,0,0,0,0,0,0,0
2699985140,6,12,2,F,N,YES,,0,1,0,0,0,0,0,0,0,0,0,0
2699985129,6,12,2,M,N,YES,IEP,1,0,0,0,0,0,0,0,0,0,0,0
2699985122,9,14,1,M,N,,,0,0,0,0,0,0,0,0,0,0,0,0
2699985077,7,12,2,F,N,YES,,1,0,0,0,0,0,0,0,0,0,0,0
2699985070,6,11,2,F,N,,,0,0,0,0,0,0,0,0,0,0,0,0
2699985056,5,11,5,M,N,YES,504,0,0,1,0,0,0,0,0,0,---,---,---
2699985046,10,16,1,M,N,,,0,0,0,0,0,0,0,0,0,0,0,0
2699984998,6,11,2,M,N,YES,IEP,0,0,2,0,0,0,0,0,0,0,0,0
2699984973,7,13,2,M,Y,YES,,2,0,0,0,0,0,0,0,0,0,0,0
2699984974,7,12,2,F,Y,YES,,2,0,0,0,0,0,0,0,0,0,0,0
2699984916,6,11,2,M,N,,,1,0,0,0,0,0,0,0,0,0,0,0
2699984913,6,11,2,M,N,,IEP,0,0,0,0,0,0,0,0,0,0,0,0
2699984914,6,11,2,M,N,,,1,0,0,0,0,0,0,0,0,0,0,0
2699984896,5,11,3,M,N,YES,,1,0,0,0,0,0,0,0,0,---,---,---
2699984882,7,12,2,F,N,,,0,0,0,0,0,0,0,0,0,0,0,0
2699984877,6,11,2,F,N,YES,,1,0,1,0,0,0,0,0,0,0,0,0
2699984855,6,11,2,M,N,,,1,0,0,0,0,0,0,0,0,0,0,0
2699988606,6,11,2,F,N,,,0,0,0,0,0,0,0,0,0,0,0,0
2699984822,8,15,2,F,Y,YES,IEP,0,0,0,0,0,0,0,0,0,0,0,0
2699984823,8,15,2,F,Y,YES,IEP,0,0,0,0,0,0,0,0,0,0,0,0
2699988580,6,12,2,F,N,YES,IEP,5,0,0,0,0,0,0,0,0,0,0,0
2699985343,5,11,5,M,N,YES,,0,0,0,0,0,0,0,0,0,---,---,---
2699989149,6,11,2,M,N,,,0,0,0,0,0,0,0,0,0,0,0,0
2699989249,12,19,1,M,N,,,0,18,0,0,0,0,0,0,0,0,0,0
2699984762,9,14,1,M,N,,,0,0,1,0,0,0,0,0,0,0,0,0
2699984688,12,17,1,M,N,,504,0,0,0,0,0,0,0,0,0,0,0,0
2699984439,8,13,2,M,N,YES,,2,1,0,0,0,0,0,0,0,0,0,0
2699984440,11,16,1,F,N,,,20,7,0,0,0,0,0,0,0,0,0,0
2699984223,8,14,2,M,N,,IEP,2,0,0,0,0,0,0,0,0,0,0,0
2699984220,8,13,2,F,N,,,1,0,1,0,0,0,0,0,0,0,0,0
2699984186,7,13,2,M,N,YES,IEP,0,0,1,0,0,0,0,0,0,0,0,0
2699984153,10,15,1,F,N,,,2,2,7,0,0,0,0,0,0,0,0,0
2699984102,8,13,2,F,N,,,1,0,0,0,0,0,0,0,0,0,0,0
2699984106,9,14,1,F,N,,,3,1,1,0,0,0,0,0,0,0,0,0
2699983966,7,12,2,F,N,YES,,1,0,1,0,0,0,0,0,0,0,0,0
2699983967,10,15,1,F,N,,IEP,65,2,5,0,0,0,0,0,0,0,0,0
2699983968,12,17,1,M,N,,IEP,1,1,6,0,0,0,0,0,0,0,0,0
2699983925,6,11,2,M,N,YES,,2,0,2,0,0,0,0,0,0,0,0,0
2699983852,5,10,4,F,N,,IEP,1,0,3,0,0,0,0,0,0,---,---,---
2699983849,5,10,4,F,N,YES,,0,0,0,0,0,0,0,0,0,---,---,---
2699989340,4,10,4,M,N,YES,IEP,0,0,0,0,0,0,0,0,0,---,---,---
2699983849,7,12,2,M,N,YES,,0,0,7,0,0,0,0,0,0,0,0,0
2699983836,5,11,4,M,N,,,0,1,0,0,0,0,0,0,0,---,---,---
2699988059,5,11,3,F,N,YES,IEP,1,0,0,0,0,0,0,0,0,---,---,---
2699983762,5,11,3,M,N,,,0,0,0,0,0,0,0,0,0,---,---,---
2699985447,5,10,3,M,N,,,0,0,0,0,0,0,0,0,0,---,---,---
2699989349,5,10,4,F,N,,,0,0,1,0,0,0,0,0,0,---,---,---
2699989374,5,10,4,M,Y,YES,IEP,0,0,0,0,0,0,0,0,0,---,---,---
2699983753,5,10,3,F,N,,IEP,1,0,0,0,0,0,0,0,0,---,---,---
2699983723,5,10,5,F,N,,,0,0,1,0,0,0,0,0,0,---,---,---
2699989344,6,11,2,F,N,YES,,1,0,0,0,0,0,0,0,0,0,0,0
2699989249,6,11,2,M,N,,IEP,0,0,1,0,0,0,0,0,0,0,0,0
2699983714,6,11,2,F,N,YES,IEP,1,0,0,0,0,0,0,0,0,0,0,0
2699983695,6,11,2,M,N,,,1,0,0,0,0,0,0,0,0,0,0,0
2699983676,6,11,2,F,N,,,0,0,0,0,0,0,0,0,0,0,0,0
2699983668,5,11,5,F,N,,IEP,0,0,0,0,0,0,0,0,0,---,---,---
2699983652,5,10,5,M,N,,,0,0,0,0,0,0,0,0,0,---,---,---
2699983645,5,10,5,F,N,,,1,0,0,0,0,0,0,0,0,---,---,---
2699983640,5,10,5,F,N,,,2,0,0,0,0,0,0,0,0,---,---,---
2699983635,6,11,2,F,N,,IEP,6,0,1,0,0,0,0,0,0,0,0,0
2699985305,5,11,3,M,N,,IEP,0,0,0,0,0,0,0,0,0,---,---,---
2699983620,6,12,2,F,N,YES,IEP,1,0,0,0,0,0,0,0,0,0,0,0
2699985461,6,11,2,M,N,,,0,0,0,0,0,0,0,0,0,0,0,0
2699983618,5,11,5,M,N,,IEP,0,0,0,0,0,0,0,0,0,---,---,---
2699983603,6,11,2,F,N,,,1,0,0,0,0,0,0,0,0,0,0,0
2699983599,6,11,2,F,Y,YES,IEP,0,0,0,0,0,0,0,0,0,0,0,0
2699984656,6,11,2,M,N,,,0,0,0,0,0,0,0,0,0,0,0,0
2699986893,6,11,2,F,N,YES,IEP,2,0,1,0,0,0,0,0,0,0,0,0
2699983549,4,10,5,M,N,,,0,0,0,0,0,0,0,0,0,---,---,---
2699983546,5,10,4,M,N,,,0,0,1,0,0,0,0,0,0,---,---,---
2699983545,4,10,5,M,N,YES,IEP,1,0,1,0,0,0,0,0,0,---,---,---
2699983541,5,10,3,M,N,,,0,0,0,0,0,0,0,0,0,---,---,---
2699983541,5,10,4,M,Y,YES,,1,0,5,0,0,0,0,0,0,---,---,---
2699983493,6,11,2,F,N,,,1,0,1,0,0,0,0,0,0,0,0,0
2699983484,5,10,5,F,N,,,1,0,0,0,0,0,0,0,0,---,---,---
2699983479,5,11,5,F,N,,,0,0,0,0,0,0,0,0,0,---,---,---
2699989912,5,10,4,F,N,,,0,0,0,0,0,0,0,0,0,---,---,---
2699983466,5,10,5,M,N,YES,,1,0,0,0,0,0,0,0,0,---,---,---
2699983460,5,10,3,F,N,YES,,0,0,0,0,0,0,0,0,0,---,---,---
2699989433,5,10,5,M,N,,IEP,0,0,0,0,0,0,0,0,0,---,---,---
2699985339,7,13,2,F,N,YES,IEP,0,0,1,0,0,0,0,0,0,0,0,0
2699983399,12,17,1,M,N,,,0,3,2,0,0,0,0,0,0,0,0,0
2699989438,6,11,2,F,N,,,0,0,1,0,0,0,0,0,0,0,0,0
2699989669,6,11,2,M,N,,,0,0,0,0,0,0,0,0,0,0,0,0
2699988998,6,11,2,M,N,YES,IEP,0,0,1,0,0,0,0,0,0,0,0,0
2699983347,6,11,2,M,N,,,0,0,0,0,0,0,0,0,0,0,0,0
2699989652,6,11,2,M,N,,,0,0,0,0,0,0,0,0,0,0,0,0
2699983345,6,11,2,M,N,,,1,0,0,0,0,0,0,0,0,0,0,0
2699983344,6,11,2,M,N,,504,0,0,0,0,0,0,0,0,0,0,0,0
2699983333,6,11,2,M,N,,IEP,1,0,0,0,0,0,0,0,0,0,0,0
2699983326,6,11,2,M,N,,,0,0,0,0,0,0,0,0,0,0,0,0
2699983317,6,11,2,F,N,,,0,0,0,0,0,0,0,0,0,0,0,0
2699989146,6,11,2,M,N,,,0,0,0,0,0,0,0,0,0,0,0,0
2699983313,6,11,2,M,N,,,0,0,0,0,0,0,0,0,0,0,0,0
2699989314,6,11,2,M,N,,,0,0,1,0,0,0,0,0,0,0,0,0
2699983301,6,12,2,F,N,,,0,0,0,0,0,0,0,0,0,0,0,0
2699989212,6,11,2,F,N,YES,,1,0,2,0,0,0,0,0,0,0,0,0
2699987043,5,10,3,F,N,,IEP,13,1,0,0,0,0,0,0,0,---,---,---
2699986892,12,17,1,F,N,,504,0,0,0,0,0,0,0,0,0,0,0,0
2699989131,6,11,2,M,N,YES,,0,0,0,0,0,0,0,0,0,0,0,0
2699984189,5,10,4,F,N,YES,,0,0,0,0,0,0,0,0,0,---,---,---
2699983146,5,10,5,F,N,,,1,0,2,0,0,0,0,0,0,---,---,---
2699983141,10,15,1,F,N,,IEP,29,7,4,0,0,0,0,0,0,0,0,0
2699983128,7,13,2,M,N,,,0,0,0,0,0,0,0,0,0,0,0,0
2699983129,10,15,1,F,N,,,6,0,0,0,0,0,0,0,0,0,0,0
2699983118,5,11,4,M,N,,IEP,1,0,0,0,0,0,0,0,0,---,---,---
2699983111,9,14,1,F,N,,,9,3,2,0,0,0,0,0,0,0,0,0
2699983093,5,10,4,F,N,,504,0,0,0,0,0,0,0,0,0,---,---,---
2699983072,4,9,5,F,N,YES,IEP,1,1,0,0,0,0,0,0,0,---,---,---
2699983073,8,14,2,F,N,YES,IEP,2,0,1,0,0,0,0,0,0,0,0,0
2699983059,6,11,2,M,N,,,0,0,0,0,0,0,0,0,0,0,0,0
2699983031,10,15,1,F,N,,,11,0,0,0,0,0,0,0,0,0,0,0
2699983020,12,17,1,M,N,,,1,0,0,0,0,0,0,0,0,0,0,0
2699983021,9,14,1,M,N,,,2,1,1,0,0,0,0,0,0,0,0,0
2699982998,9,15,1,M,N,,IEP,8,0,0,0,0,0,0,0,0,0,0,0
2699982999,12,17,1,M,N,,504,3,0,0,0,0,0,0,0,0,0,0,0
2699982927,10,15,1,F,Y,,,0,0,2,0,0,0,0,0,0,0,0,0
2699982903,7,12,2,F,N,,,0,0,0,0,0,0,0,0,0,0,0,0
2699982904,12,17,1,F,N,,IEP,0,0,0,0,0,0,0,0,0,0,0,0
2699982894,6,11,2,M,N,,,1,0,0,0,0,0,0,0,0,0,0,0
2699989461,5,11,3,M,N,,IEP,0,0,0,0,0,0,0,0,0,---,---,---
2699982877,11,16,1,F,N,,504,0,0,0,0,0,0,0,0,0,0,0,0
2699982878,10,15,1,M,N,,IEP,0,11,1,0,0,0,0,0,0,0,0,0
2699982874,AW,20,1,F,N,,,0,0,0,0,0,0,0,0,0,0,0,0
2699982860,11,16,1,M,N,,,3,0,3,0,0,0,0,0,0,0,0,0
2699982882,5,10,5,M,N,,,0,0,2,0,0,0,0,0,0,---,---,---
2699982773,9,14,1,M,N,,,6,2,1,0,0,0,0,0,0,0,0,0
2699982770,10,15,1,M,N,,,0,1,1,0,0,0,0,0,0,0,0,0
2699982752,10,15,1,M,N,,,11,0,0,0,0,0,0,0,0,0,0,0
2699982729,6,11,2,F,N,,,0,0,0,0,0,0,0,0,0,0,0,0
2699982730,10,15,1,M,N,,,5,0,0,0,0,0,0,0,0,0,0,0
2699982701,10,16,1,M,N,,,0,0,0,0,0,0,0,0,0,0,0,0
2699982669,7,12,2,F,N,YES,IEP,0,0,0,0,0,0,0,0,0,0,0,0
2699982658,8,13,2,F,N,YES,,0,0,1,0,0,0,0,0,0,0,0,0
2699982660,11,16,1,F,N,,504,9,0,3,0,0,0,0,0,0,0,0,0
2699982392,4,10,5,M,N,YES,IEP,0,0,0,0,0,0,0,0,0,---,---,---
2699983994,3,9,4,F,N,YES,IEP,1,0,0,0,0,0,0,0,0,---,---,---
2699987139,4,9,3,F,N,,,0,0,0,0,0,0,0,0,0,---,---,---
2699990591,4,9,3,M,N,YES,,1,0,0,0,0,0,0,0,0,---,---,---
2699989778,4,9,4,F,N,,,0,0,0,0,0,0,0,0,0,---,---,---
2699982365,4,9,3,F,N,YES,,0,0,0,0,0,0,0,0,0,---,---,---
2699982363,4,9,3,M,N,YES,,0,0,1,0,0,0,0,0,0,---,---,---
2699987670,4,9,3,F,N,,,0,0,0,0,0,0,0,0,0,---,---,---
2699987703,4,9,4,M,N,,,2,0,0,0,0,0,0,0,0,---,---,---
2699982365,4,9,3,F,N,,504,2,0,5,0,0,0,0,0,0,---,---,---
2699987715,4,9,4,M,N,,,0,0,0,0,0,0,0,0,0,---,---,---
2699990662,4,9,4,F,N,,,0,3,0,0,0,0,0,0,0,---,---,---
2699982354,12,17,1,M,N,,,18,8,2,0,0,0,0,0,0,0,0,0
2699982339,4,9,3,F,N,,,0,0,0,0,0,0,0,0,0,---,---,---
2699982335,4,9,3,F,Y,YES,,3,1,0,0,0,0,0,0,0,---,---,---
2699982332,3,9,3,M,N,YES,IEP,0,0,0,0,0,0,0,0,0,---,---,---
2699982325,5,10,3,F,N,,,0,0,0,0,0,0,0,0,0,---,---,---
2699990774,4,9,4,F,N,,,0,0,0,0,0,0,0,0,0,---,---,---
2699992380,4,10,3,M,N,,IEP,0,0,1,0,0,0,0,0,0,---,---,---
2699982315,4,10,3,M,N,YES,IEP,0,0,0,0,0,0,0,0,0,---,---,---
2699982290,5,10,3,M,N,YES,IEP,0,0,0,0,0,0,0,0,0,---,---,---
2699982282,5,10,3,M,N,YES,,1,0,0,0,0,0,0,0,0,---,---,---
2699988297,5,10,3,F,N,YES,,0,1,0,0,0,0,0,0,0,---,---,---
2699987564,5,10,3,M,N,YES,,0,0,0,0,0,0,0,0,0,---,---,---
2699985245,4,9,4,M,N,,,0,1,0,0,0,0,0,0,0,---,---,---
2699982500,4,9,4,F,N,YES,,2,0,0,0,0,0,0,0,0,---,---,---
2699982275,3,9,5,M,N,,,0,0,0,0,0,0,0,0,0,---,---,---
2699982272,4,10,5,M,N,,IEP,0,0,0,0,0,0,0,0,0,---,---,---
2699990783,4,9,5,F,N,,,0,0,0,0,0,0,0,0,0,---,---,---
2699982268,4,9,5,M,N,,IEP,0,0,0,0,0,0,0,0,0,---,---,---
2699982261,4,9,5,F,N,,,0,0,0,0,0,0,0,0,0,---,---,---
2699985012,4,9,5,F,N,,,0,0,0,0,0,0,0,0,0,---,---,---
2699988452,3,9,5,M,N,,,0,0,0,0,0,0,0,0,0,---,---,---
2699990699,4,9,5,M,N,,,0,0,0,0,0,0,0,0,0,---,---,---
2699990856,4,9,4,F,N,,,0,0,0,0,0,0,0,0,0,---,---,---
2699984014,4,9,4,F,N,,IEP,3,0,1,0,0,0,0,0,0,---,---,---
2699982253,4,9,4,F,N,,504,0,0,0,0,0,0,0,0,0,---,---,---
2699986158,4,9,5,F,N,,,1,0,3,0,0,0,0,0,0,---,---,---
2699987267,4,10,5,F,N,,,0,0,0,0,0,0,0,0,0,---,---,---
2699990739,4,9,5,F,N,,,2,0,1,0,0,0,0,0,0,---,---,---
2699988132,5,10,5,F,N,,,0,0,0,0,0,0,0,0,0,---,---,---
2699982249,5,10,5,M,N,,,0,0,0,0,0,0,0,0,0,---,---,---
2699982246,5,10,5,F,N,YES,,1,0,0,0,0,0,0,0,0,---,---,---
2699988486,5,10,5,M,N,,,0,0,0,0,0,0,0,0,0,---,---,---
2699990775,5,10,3,F,N,,IEP,0,0,0,0,0,0,0,0,0,---,---,---
2699982250,5,10,5,M,N,,,1,0,1,0,0,0,0,0,0,---,---,---
2699982241,5,10,4,M,N,YES,,1,0,0,0,0,0,0,0,0,---,---,---
2699982218,5,10,4,M,N,,,2,0,0,0,0,0,0,0,0,---,---,---
2699982215,5,10,4,M,N,,,0,0,0,0,0,0,0,0,0,---,---,---
2699982204,5,10,4,M,N,,,0,0,0,0,0,0,0,0,0,---,---,---
2699982196,5,10,4,F,N,,,1,0,0,0,0,0,0,0,0,---,---,---
2699982200,8,14,2,M,N,YES,,0,0,1,0,0,0,0,0,0,0,0,0
2699982201,7,12,2,F,N,YES,,0,0,0,0,0,0,0,0,0,0,0,0
2699982187,5,10,4,F,N,,,0,0,0,0,0,0,0,0,0,---,---,---
2699982176,5,11,4,M,N,,,0,3,1,0,0,0,0,0,0,---,---,---
2699982156,4,9,5,M,N,YES,,0,0,0,0,0,0,0,0,0,---,---,---
2699982029,5,10,3,M,N,,,0,0,0,0,0,0,0,0,0,---,---,---
2699982021,5,10,4,M,N,,,0,0,1,0,0,0,0,0,0,---,---,---
2699981968,AW,19,1,M,N,,IEP,0,0,0,0,0,0,0,0,0,0,0,0
2699981942,9,14,1,F,N,,504,0,0,0,0,0,0,0,0,0,0,0,0
2699981928,3,9,5,F,N,YES,IEP,0,0,0,0,0,0,0,0,0,---,---,---
2699981814,5,10,5,F,N,,,1,0,1,0,0,0,0,0,0,---,---,---
2699981807,8,13,2,F,N,,,2,0,0,0,0,0,0,0,0,0,0,0
2699981808,11,16,1,F,N,,,6,0,0,0,0,0,0,0,0,0,0,0
2699985706,5,10,3,F,Y,YES,,0,0,0,0,0,0,0,0,0,---,---,---
2699990497,5,10,5,F,N,YES,,0,0,2,0,0,0,0,0,0,---,---,---
2699988680,3,9,3,M,N,YES,,0,0,0,0,0,0,0,0,0,---,---,---
2699981757,5,10,3,F,N,YES,,0,0,0,0,0,0,0,0,0,---,---,---
2699981745,5,11,3,F,N,YES,,0,0,0,0,0,0,0,0,0,---,---,---
2699981734,5,10,4,M,N,YES,IEP,1,0,2,0,0,0,0,0,0,---,---,---
2699981716,5,10,3,M,N,YES,IEP,0,0,0,0,0,0,0,0,0,---,---,---
2699981692,12,17,1,M,N,,,0,0,0,0,0,0,0,0,0,0,0,0
2699981689,10,16,1,M,N,,,0,1,7,0,0,0,0,0,0,0,0,0
2699987636,12,18,1,F,N,,IEP,17,4,14,0,0,0,0,0,0,0,0,0
2699981670,12,18,1,M,N,,IEP,0,0,2,0,0,0,0,0,0,0,0,0
2699981628,12,17,1,F,N,,,3,4,8,0,0,0,0,0,0,0,0,0
2699981570,7,13,2,F,N,YES,,0,0,1,0,0,0,0,0,0,0,0,0
2699981569,4,9,5,F,N,YES,IEP,3,0,0,0,0,0,0,0,0,---,---,---
2699981570,5,10,5,F,N,YES,IEP,3,0,0,0,0,0,0,0,0,---,---,---
2699988100,4,9,3,M,N,YES,IEP,1,0,1,0,0,0,0,0,0,---,---,---
2699981487,4,9,3,M,N,YES,IEP,0,0,0,0,0,0,0,0,0,---,---,---
2699981408,10,16,1,F,N,,IEP,7,0,0,0,0,0,0,0,0,0,0,0
2699981393,7,12,2,M,N,YES,IEP,1,0,0,0,0,0,0,0,0,0,0,0
2699981388,11,17,1,M,N,,IEP,0,0,1,0,0,0,0,0,0,0,0,0
2699981363,12,18,1,M,N,,,4,2,6,0,0,0,0,0,0,0,0,0
2699981364,11,16,1,F,N,,,5,2,6,0,0,0,0,0,0,0,0,0
2699981319,9,14,1,F,N,,504,20,3,7,0,0,0,0,0,0,0,0,0
2699981285,11,17,1,M,N,,,0,0,0,0,0,0,0,0,0,0,0,0
2699981286,8,13,2,M,N,,,1,0,0,0,0,0,0,0,0,0,0,0
2699981287,10,15,1,F,N,,,0,0,0,0,0,0,0,0,0,0,0,0
2699981280,7,11,2,F,N,,,0,0,0,0,0,0,0,0,0,0,0,0
2699981281,7,12,2,M,N,,,0,0,0,0,0,0,0,0,0,0,0,0
2699981282,5,10,5,M,N,,504,0,0,0,0,0,0,0,0,0,---,---,---
2699981227,8,12,2,F,N,YES,,1,0,0,0,0,0,0,0,0,0,0,0
2699981033,8,14,2,M,N,YES,504,1,0,4,0,0,0,0,0,0,0,0,0
2699991913,11,17,1,F,N,,IEP,0,4,9,0,0,0,0,0,0,0,0,0
2699992232,3,9,3,M,N,,IEP,0,0,0,0,0,0,0,0,0,---,---,---
2699981031,11,16,1,M,N,,504,3,4,12,0,0,0,0,0,0,0,0,0
2699989440,4,9,3,M,N,,IEP,0,0,0,0,0,0,0,0,0,---,---,---
2699989529,4,9,3,M,N,YES,,0,0,0,0,0,0,0,0,0,---,---,---
2699987722,4,10,3,M,N,,,0,0,1,0,0,0,0,0,0,---,---,---
2699981041,4,9,4,F,N,,,0,0,0,0,0,0,0,0,0,---,---,---
2699981034,4,9,3,F,N,,,0,2,0,0,0,0,0,0,0,---,---,---
2699981012,3,9,3,M,N,,,0,0,0,0,0,0,0,0,0,---,---,---
2699983322,3,8,5,M,N,,,1,0,1,0,0,0,0,0,0,---,---,---
2699992003,3,8,4,M,N,,,1,0,0,0,0,0,0,0,0,---,---,---
2699980999,3,8,4,M,N,,IEP,0,0,0,0,0,0,0,0,0,---,---,---
2699980994,3,8,4,F,N,,,0,0,1,0,0,0,0,0,0,---,---,---
2699980993,3,8,4,M,N,,,1,0,0,0,0,0,0,0,0,---,---,---
2699980992,3,8,4,M,N,,,0,0,0,0,0,0,0,0,0,---,---,---
2699980985,3,8,4,F,N,,,0,0,1,0,0,0,0,0,0,---,---,---
2699991388,11,17,1,M,N,,IEP,17,0,0,0,0,0,0,0,0,0,0,0
2699980988,5,11,3,M,N,YES,,0,0,0,0,0,0,0,0,0,---,---,---
2699980983,4,10,3,M,N,YES,,1,0,2,0,0,0,0,0,0,---,---,---
2699980964,4,9,4,M,N,,,0,0,0,0,0,0,0,0,0,---,---,---
2699992145,3,8,4,M,N,YES,IEP,1,0,1,0,0,0,0,0,0,---,---,---
2699980945,3,8,5,M,N,,IEP,0,0,3,0,0,0,0,0,0,---,---,---
2699980936,3,8,3,M,N,YES,IEP,0,0,1,0,0,0,0,0,0,---,---,---
2699985739,3,9,4,F,N,,,0,0,0,0,0,0,0,0,0,---,---,---
2699980934,10,15,1,F,N,,,0,0,0,0,0,0,0,0,0,0,0,0
2699980935,8,13,2,F,N,,,0,0,0,0,0,0,0,0,0,0,0,0
2699980923,AW,19,1,M,N,,IEP,6,0,0,0,0,0,0,0,0,0,0,0
2699980918,9,14,1,F,N,,,1,0,1,0,0,0,0,0,0,0,0,0
2699980905,3,8,5,M,N,,,0,0,0,0,0,0,0,0,0,---,---,---
2699981840,3,8,5,M,N,YES,504,0,0,0,0,0,0,0,0,0,---,---,---
2699991961,3,8,5,F,N,,,0,0,0,0,0,0,0,0,0,---,---,---
2699980896,3,8,5,M,N,,,1,0,0,0,0,0,0,0,0,---,---,---
2699980875,4,9,5,M,N,YES,,1,0,0,0,0,0,0,0,0,---,---,---
2699980866,4,9,5,M,N,YES,IEP,0,0,0,0,0,0,0,0,0,---,---,---
2699980849,4,9,5,M,N,,,0,0,0,0,0,0,0,0,0,---,---,---
2699980835,4,9,5,F,N,,,2,0,0,0,0,0,0,0,0,---,---,---
2699980821,4,9,5,M,N,,,0,0,0,0,0,0,0,0,0,---,---,---
2699980809,4,9,5,F,N,,,1,0,1,0,0,0,0,0,0,---,---,---
2699986604,3,8,4,M,N,,,0,0,0,0,0,0,0,0,0,---,---,---
2699983376,2,8,4,M,N,,IEP,0,0,2,0,0,0,0,0,0,---,---,---
2699980807,3,8,4,F,N,YES,IEP,0,0,3,0,0,0,0,0,0,---,---,---
2699983346,3,8,4,F,N,,,0,0,0,0,0,0,0,0,0,---,---,---
2699992099,4,9,4,M,N,YES,504,0,0,0,0,0,0,0,0,0,---,---,---
2699989870,4,9,4,M,N,,,0,0,0,0,0,0,0,0,0,---,---,---
2699991929,4,9,4,F,N,,IEP,2,0,1,0,0,0,0,0,0,---,---,---
2699980798,4,10,4,M,N,,,1,0,0,0,0,0,0,0,0,---,---,---
2699980793,4,9,4,F,N,YES,IEP,0,1,0,0,0,0,0,0,0,---,---,---
2699991652,4,9,4,F,N,,,1,0,1,0,0,0,0,0,0,---,---,---
2699985822,4,9,4,F,N,,,0,0,0,0,0,0,0,0,0,---,---,---
2699980787,4,9,4,F,N,YES,,1,0,6,0,0,0,0,0,0,---,---,---
2699980777,4,9,4,F,N,,,0,0,0,0,0,0,0,0,0,---,---,---
2699983505,3,9,4,F,N,YES,IEP,0,0,0,0,0,0,0,0,0,---,---,---
2699980776,4,9,4,M,N,,IEP,0,0,0,0,0,0,0,0,0,---,---,---
2699980769,4,9,4,F,N,,,0,0,1,0,0,0,0,0,0,---,---,---
2699980762,3,9,3,F,N,,,0,0,0,0,0,0,0,0,0,---,---,---
2699980757,3,8,4,F,N,,,0,0,0,0,0,0,0,0,0,---,---,---
2699989444,3,8,3,M,N,,,0,0,0,0,0,0,0,0,0,---,---,---
2699986283,3,8,3,M,N,,,2,0,0,0,0,0,0,0,0,---,---,---
2699989188,3,8,3,M,N,,,0,0,0,0,0,0,0,0,0,---,---,---
2699987755,3,8,3,F,N,,,0,0,0,0,0,0,0,0,0,---,---,---
2699980757,3,8,3,M,N,,,1,1,0,0,0,0,0,0,0,---,---,---
2699992700,3,8,5,M,N,,,0,0,0,0,0,0,0,0,0,---,---,---
2699980737,4,9,4,F,N,,,1,0,2,0,0,0,0,0,0,---,---,---
2699980730,3,8,4,F,N,YES,,1,0,1,0,0,0,0,0,0,---,---,---
2699980729,3,8,3,F,N,,,2,0,0,0,0,0,0,0,0,---,---,---
2699980726,3,8,3,F,N,,,0,0,0,0,0,0,0,0,0,---,---,---
2699989359,3,8,3,M,N,,,1,0,0,0,0,0,0,0,0,---,---,---
2699980709,2,8,3,F,N,YES,IEP,0,0,0,0,0,0,0,0,0,---,---,---
2699980702,3,8,5,M,N,,IEP,1,0,0,0,0,0,0,0,0,---,---,---
2699986131,3,8,5,M,N,YES,,1,0,0,0,0,0,0,0,0,---,---,---
2699987601,4,9,5,M,N,YES,,1,0,0,0,0,0,0,0,0,---,---,---
2699988894,3,8,5,M,N,YES,IEP,0,0,0,0,0,0,0,0,0,---,---,---
2699980649,4,9,4,F,N,YES,IEP,0,0,2,0,0,0,0,0,0,---,---,---
2699980611,3,9,5,F,N,YES,,0,0,0,0,0,0,0,0,0,---,---,---
2699980604,9,14,1,F,N,,,0,0,0,0,0,0,0,0,0,0,0,0
2699989163,4,9,3,F,N,YES,,0,0,0,0,0,0,0,0,0,---,---,---
2699988996,3,9,3,F,N,YES,,0,1,0,0,0,0,0,0,0,---,---,---
2699980577,4,9,4,F,N,,IEP,0,0,2,0,0,0,0,0,0,---,---,---
2699980570,3,8,4,F,N,YES,,0,0,2,0,0,0,0,0,0,---,---,---
2699980565,7,12,2,F,N,YES,IEP,0,0,1,0,0,0,0,0,0,0,0,0
2699980562,4,9,3,M,N,,,0,0,0,0,0,0,0,0,0,---,---,---
2699980510,8,14,2,F,N,YES,IEP,0,0,0,0,0,0,0,0,0,0,0,0
2699980511,8,13,2,M,N,YES,IEP,0,0,0,0,0,0,0,0,0,0,0,0
2699980512,4,10,3,F,N,YES,IEP,0,0,0,0,0,0,0,0,0,---,---,---
2699980513,10,17,1,M,N,,IEP,5,12,0,0,0,0,0,0,0,0,0,0
2699992287,3,8,4,F,N,,,1,0,0,0,0,0,0,0,0,---,---,---
2699992309,3,9,5,M,N,,,3,0,1,0,0,0,0,0,0,---,---,---
2699980451,4,9,3,F,N,,,0,0,0,0,0,0,0,0,0,---,---,---
2699980446,3,8,3,M,N,YES,IEP,0,1,1,0,0,0,0,0,0,---,---,---
2699980445,3,8,3,M,N,YES,IEP,0,0,0,0,0,0,0,0,0,---,---,---
2699980435,10,15,1,M,N,,,0,0,4,0,0,0,0,0,0,0,0,0
2699980425,8,13,2,M,N,,504,0,0,0,0,0,0,0,0,0,0,0,0
2699980426,4,9,5,F,N,,IEP,0,0,0,0,0,0,0,0,0,---,---,---
2699980419,4,9,5,M,N,YES,,0,0,0,0,0,0,0,0,0,---,---,---
2699980402,4,9,5,M,N,,,0,0,0,0,0,0,0,0,0,---,---,---
2699980403,6,11,2,M,N,,,0,0,0,0,0,0,0,0,0,0,0,0
2699980388,9,14,1,M,N,,504,0,5,2,0,0,0,0,0,0,0,0,0
2699980379,8,13,2,F,N,YES,504,1,0,0,0,0,0,0,0,0,0,0,0
2699980332,4,9,4,M,N,,,0,0,1,0,0,0,0,0,0,---,---,---
2699980323,3,8,4,M,N,YES,,0,0,1,0,0,0,0,0,0,---,---,---
2699980315,11,17,1,F,N,,IEP,0,1,1,0,0,0,0,0,0,0,0,0
2699980291,5,10,3,F,N,YES,,0,0,0,0,0,0,0,0,0,---,---,---
2699988589,11,17,1,M,N,,,0,1,18,0,0,0,0,0,0,0,0,0
2699980269,4,9,4,M,N,,,0,0,0,0,0,0,0,0,0,---,---,---
2699980259,4,9,3,F,Y,YES,IEP,0,0,0,0,0,0,0,0,0,---,---,---
2699980237,11,16,1,F,N,,IEP,1,1,1,0,0,0,0,0,0,0,0,0
2699980233,6,11,2,F,N,,504,0,0,0,0,0,0,0,0,0,0,0,0
2699980234,3,9,4,F,N,YES,IEP,3,1,2,0,0,0,0,0,0,---,---,---
2699980238,4,9,3,F,N,YES,,2,0,0,0,0,0,0,0,0,---,---,---
2699980173,6,11,2,F,N,,,0,0,0,0,0,0,0,0,0,0,0,0
2699980175,4,9,4,M,N,,,0,0,0,0,0,0,0,0,0,---,---,---
2699980180,5,10,4,F,N,,,1,0,0,0,0,0,0,0,0,---,---,---
2699980179,1,6,4,F,N,,,0,0,0,0,0,0,0,0,0,---,---,---
2699992002,4,9,4,F,N,YES,IEP,2,0,0,0,0,0,0,0,0,---,---,---
2699980068,7,12,2,F,N,,,1,0,1,0,0,0,0,0,0,0,0,0
2699980069,11,16,1,F,N,,,4,0,2,0,0,0,0,0,0,0,0,0
2699980070,9,14,1,F,N,,,5,0,3,0,0,0,0,0,0,0,0,0
2699980065,5,10,5,F,N,,IEP,0,0,0,0,0,0,0,0,0,---,---,---
2699980060,6,11,2,F,N,,IEP,2,0,0,0,0,0,0,0,0,0,0,0
2699979989,7,12,2,F,N,YES,,0,0,0,0,0,0,0,0,0,0,0,0
2699979978,4,9,5,M,N,,,0,0,3,0,0,0,0,0,0,---,---,---
2699979920,3,9,4,M,N,,IEP,0,1,0,0,0,0,0,0,0,---,---,---
2699979910,4,9,5,F,N,,,0,0,0,0,0,0,0,0,0,---,---,---
2699983193,10,15,1,M,N,,,0,0,0,0,0,0,0,0,0,0,0,0
2699979874,12,17,1,F,N,,504,0,1,0,0,0,0,0,0,0,0,0,0
2699991253,12,17,1,M,N,,,0,0,2,0,0,0,0,0,0,0,0,0
2699979868,12,17,1,F,N,,,0,0,0,0,0,0,0,0,0,0,0,0
2699979861,8,13,2,M,N,YES,,0,0,0,0,0,0,0,0,0,0,0,0
2699979854,10,14,1,M,N,,,0,1,1,0,0,0,0,0,0,0,0,0
2699992026,12,17,1,M,N,,,0,0,0,0,0,0,0,0,0,0,0,0
2699979827,12,17,1,M,N,,,1,0,0,0,0,0,0,0,0,0,0,0
2699979805,12,17,1,F,N,,,0,0,0,0,0,0,0,0,0,0,0,0
2699991182,12,17,1,F,N,,,0,0,0,0,0,0,0,0,0,0,0,0
2699991327,12,17,1,M,N,,,1,0,1,0,0,0,0,0,0,0,0,0
2699979787,12,18,1,M,N,,,0,0,4,0,0,0,0,0,0,0,0,0
2699979776,12,17,1,M,N,,,5,0,0,0,0,0,0,0,0,0,0,0
2699979757,6,11,2,M,N,YES,504,3,0,2,0,0,0,0,0,0,0,0,0
2699991256,12,18,1,F,N,,,1,0,1,0,0,0,0,0,0,0,0,0
2699979749,12,17,1,F,N,,504,0,3,3,0,0,0,0,0,0,0,0,0
2699979747,12,17,1,M,N,,,1,1,1,0,0,0,0,0,0,0,0,0
2699979746,12,17,1,M,N,,,0,1,0,0,0,0,0,0,0,0,0,0
2699979739,12,17,1,F,N,,504,0,6,2,0,0,0,0,0,0,0,0,0
2699987692,12,17,1,M,N,,,6,1,1,0,0,0,0,0,0,0,0,0
2699979730,7,13,2,M,N,YES,,0,0,0,0,0,0,0,0,0,0,0,0
2699979731,9,14,1,F,N,,,0,0,0,0,0,0,0,0,0,0,0,0
2699979731,12,18,1,M,N,,,0,6,1,0,0,0,0,0,0,0,0,0
2699979724,3,8,4,F,N,YES,,0,2,0,0,0,0,0,0,0,---,---,---
2699979721,3,8,3,F,N,YES,IEP,0,0,0,0,0,0,0,0,0,---,---,---
2699989942,3,8,3,F,N,YES,,0,0,1,0,0,0,0,0,0,---,---,---
2699988911,3,8,3,M,N,YES,IEP,0,0,0,0,0,0,0,0,0,---,---,---
2699979725,3,8,3,M,N,,,0,0,0,0,0,0,0,0,0,---,---,---
2699979711,3,8,3,M,N,,IEP,0,0,0,0,0,0,0,0,0,---,---,---
2699979696,10,15,1,M,N,,,0,0,2,0,0,0,0,0,0,0,0,0
2699979671,3,8,4,M,N,,IEP,2,0,0,0,0,0,0,0,0,---,---,---
2699984508,3,9,4,F,N,,,0,0,0,0,0,0,0,0,0,---,---,---
2699979670,3,8,3,F,N,YES,IEP,0,0,0,0,0,0,0,0,0,---,---,---
2699982076,2,7,5,F,N,,,0,0,0,0,0,0,0,0,0,---,---,---
2699979660,3,8,5,M,N,,,0,0,0,0,0,0,0,0,0,---,---,---
2699979651,2,8,5,F,N,YES,IEP,0,0,2,0,0,0,0,0,0,---,---,---
2699979644,3,8,5,F,N,YES,,0,0,0,0,0,0,0,0,0,---,---,---
2699980499,3,8,5,F,N,,,0,0,1,0,0,0,0,0,0,---,---,---
2699979641,2,8,5,F,N,YES,IEP,0,0,1,0,0,0,0,0,0,---,---,---
2699979638,3,8,5,M,N,YES,,0,0,0,0,0,0,0,0,0,---,---,---
2699979630,12,17,1,M,N,,,2,1,13,0,0,0,0,0,0,0,0,0
2699979624,3,8,4,M,N,,IEP,0,0,0,0,0,0,0,0,0,---,---,---
2699979612,2,7,4,F,N,,,0,1,1,0,0,0,0,0,0,---,---,---
2699980581,2,7,4,F,N,,,0,1,0,0,0,0,0,0,0,---,---,---
2699979606,2,7,4,F,N,,,0,0,0,0,0,0,0,0,0,---,---,---
2699979605,2,7,4,M,N,YES,IEP,0,0,0,0,0,0,0,0,0,---,---,---
2699991129,2,8,4,F,N,,,0,0,0,0,0,0,0,0,0,---,---,---
2699979613,2,7,4,M,N,YES,IEP,0,0,0,0,0,0,0,0,0,---,---,---
2699985298,9,14,1,M,N,,IEP,0,0,0,0,0,0,0,0,0,0,0,0
2699979612,2,7,4,F,N,,,0,0,0,0,0,0,0,0,0,---,---,---
2699979609,1,7,4,M,N,,IEP,0,0,1,0,0,0,0,0,0,---,---,---
2699979608,2,8,4,M,N,YES,,0,0,2,0,0,0,0,0,0,---,---,---
2699979599,2,7,4,F,N,,,0,0,0,0,0,0,0,0,0,---,---,---
2699979595,2,7,3,M,N,,,1,2,0,0,0,0,0,0,0,---,---,---
2699987702,2,7,3,F,N,,,0,0,0,0,0,0,0,0,0,---,---,---
2699979591,2,7,3,F,N,,,1,1,0,0,0,0,0,0,0,---,---,---
2699990928,2,7,3,F,Y,YES,,0,0,0,0,0,0,0,0,0,---,---,---
2699979581,2,7,3,M,N,,IEP,0,0,1,0,0,0,0,0,0,---,---,---
2699979572,2,7,5,F,N,,,0,0,0,0,0,0,0,0,0,---,---,---
2699979562,2,7,5,M,N,,,0,0,0,0,0,0,0,0,0,---,---,---
2699982281,1,6,5,M,N,,IEP,0,0,3,0,0,0,0,0,0,---,---,---
2699987365,2,7,5,M,N,YES,,1,0,0,0,0,0,0,0,0,---,---,---
2699990971,2,7,5,F,N,,,0,0,0,0,0,0,0,0,0,---,---,---
2699979558,2,7,5,F,N,,,0,0,0,0,0,0,0,0,0,---,---,---
2699979549,2,7,5,M,N,YES,,0,0,0,0,0,0,0,0,0,---,---,---
2699979545,1,7,4,M,N,YES,IEP,0,1,9,0,0,0,0,0,0,---,---,---
2699979515,2,8,3,M,N,YES,,1,0,0,0,0,0,0,0,0,---,---,---
2699979490,5,10,4,M,N,,,0,0,0,0,0,0,0,0,0,---,---,---
2699987139,1,7,5,M,N,,IEP,3,0,0,0,0,0,0,0,0,---,---,---
2699979424,3,8,5,F,N,YES,,0,0,2,0,0,0,0,0,0,---,---,---
2699979415,9,16,1,F,N,,,0,1,0,0,0,0,0,0,0,0,0,0
2699979416,7,12,2,F,N,,,0,0,0,0,0,0,0,0,0,0,0,0
2699979837,2,7,5,F,N,YES,,0,0,0,0,0,0,0,0,0,---,---,---
2699984320,2,7,5,F,N,YES,IEP,0,0,0,0,0,0,0,0,0,---,---,---
2699991463,2,8,5,M,N,YES,IEP,0,0,0,0,0,0,0,0,0,---,---,---
2699991468,2,8,5,F,N,YES,IEP,0,0,0,0,0,0,0,0,0,---,---,---
2699979310,2,8,4,M,N,YES,IEP,0,0,1,0,0,0,0,0,0,---,---,---
2699985437,3,8,4,M,N,YES,,1,0,0,0,0,0,0,0,0,---,---,---
2699979308,2,8,3,F,N,,,0,0,0,0,0,0,0,0,0,---,---,---
2699979302,6,11,2,M,N,,,0,0,0,0,0,0,0,0,0,0,0,0
2699979303,4,9,3,F,N,,,1,0,0,0,0,0,0,0,0,---,---,---
2699990699,2,7,3,F,N,YES,IEP,1,0,1,0,0,0,0,0,0,---,---,---
2699979284,11,16,1,M,N,,,10,3,6,0,0,0,0,0,0,0,0,0
2699979279,8,13,2,M,N,,,0,0,0,0,0,0,0,0,0,0,0,0
2699979280,5,11,3,F,N,,,0,0,0,0,0,0,0,0,0,---,---,---
2699979273,8,14,2,F,N,,IEP,2,1,1,0,0,0,0,0,0,0,0,0
2699985064,9,16,1,M,N,,IEP,0,0,1,0,0,0,0,0,0,0,0,0
2699979269,9,14,1,M,N,,504,0,0,0,0,0,0,0,0,0,0,0,0
2699979255,9,15,1,F,N,,IEP,3,6,6,0,0,0,0,0,0,0,0,0
2699979256,4,9,5,M,N,YES,,0,0,0,0,0,0,0,0,0,---,---,---
2699979257,5,11,5,F,N,YES,IEP,0,0,0,0,0,0,0,0,0,---,---,---
2699979247,12,17,1,M,N,,IEP,0,0,0,0,0,0,0,0,0,0,0,0
2699979234,4,9,4,M,N,,,0,1,1,0,0,0,0,0,0,---,---,---
2699979229,1,7,4,M,N,YES,IEP,0,0,2,0,0,0,0,0,0,---,---,---
2699979217,2,7,3,M,N,YES,IEP,1,0,0,0,0,0,0,0,0,---,---,---
2699979194,4,10,3,M,N,YES,IEP,0,0,0,0,0,0,0,0,0,---,---,---
2699979195,9,14,1,F,N,,,0,1,0,0,0,0,0,0,0,0,0,0
2699979198,5,10,3,F,N,YES,,2,1,0,0,0,0,0,0,0,---,---,---
2699979171,4,9,3,M,N,YES,,0,1,0,0,0,0,0,0,0,---,---,---
2699979156,2,7,5,M,N,YES,,0,0,1,0,0,0,0,0,0,---,---,---
2699979151,11,16,1,F,N,,,3,0,6,0,0,0,0,0,0,0,0,0
2699979152,5,10,4,F,N,YES,,0,0,0,0,0,0,0,0,0,---,---,---
2699979151,10,16,1,M,N,,IEP,4,0,3,0,0,0,0,0,0,0,0,0
2699986836,7,12,2,M,N,,,4,0,0,0,0,0,0,0,0,0,0,0
2699979142,3,8,4,F,N,YES,IEP,3,0,0,0,0,0,0,0,0,---,---,---
2699979139,2,7,4,F,N,YES,,1,0,6,0,0,0,0,0,0,---,---,---
2699979138,2,7,5,M,N,,,0,0,2,0,0,0,0,0,0,---,---,---
2699979109,7,12,2,M,N,YES,,0,0,0,0,0,0,0,0,0,0,0,0
2699979088,5,10,5,F,N,,,0,0,1,0,0,0,0,0,0,---,---,---
2699979089,1,7,5,F,N,,,0,0,2,0,0,0,0,0,0,---,---,---
2699979084,3,8,4,M,S,YES,IEP,0,0,0,0,0,0,0,0,0,---,---,---
2699979079,7,12,2,M,N,YES,,5,0,3,0,0,0,0,0,0,0,0,0
2699983487,2,7,4,M,N,YES,,0,0,0,0,0,0,0,0,0,---,---,---
2699979072,6,11,2,M,N,,,1,0,0,0,0,0,0,0,0,0,0,0
2699979033,5,11,3,M,N,YES,,0,0,0,0,0,0,0,0,0,---,---,---
2699985048,1,7,5,F,N,,,1,0,1,0,0,0,0,0,0,---,---,---
2699978975,5,10,5,F,N,YES,,1,0,0,0,0,0,0,0,0,---,---,---
2699978955,3,8,5,M,N,YES,,0,0,0,0,0,0,0,0,0,---,---,---
2699978943,5,10,5,F,N,YES,,0,0,0,0,0,0,0,0,0,---,---,---
2699982242,1,6,3,M,N,,,0,0,0,0,0,0,0,0,0,---,---,---
2699978933,1,6,3,M,N,YES,,1,0,0,0,0,0,0,0,0,---,---,---
2699978925,5,10,5,F,N,YES,,0,0,12,0,0,0,0,0,0,---,---,---
2699978926,3,8,5,F,N,YES,,1,0,11,0,0,0,0,0,0,---,---,---
2699978917,5,11,5,M,N,,,0,0,0,0,0,0,0,0,0,---,---,---
2699978907,12,17,1,F,N,,IEP,0,2,0,0,0,0,0,0,0,0,0,0
2699978859,K,6,4,M,N,YES,IEP,0,0,1,0,0,0,0,0,0,0,0,0
2699978848,7,13,2,M,Y,YES,IEP,2,0,0,0,0,0,0,0,0,0,0,0
2699978854,2,7,5,F,Y,YES,,0,0,0,0,0,0,0,0,0,---,---,---
2699978657,11,16,1,F,N,,,0,0,2,0,0,0,0,0,0,0,0,0
2699978658,11,16,1,F,N,,,0,1,1,0,0,0,0,0,0,0,0,0
2699978659,11,16,1,F,N,,,3,0,1,0,0,0,0,0,0,0,0,0
2699978660,11,17,1,M,N,,,11,0,3,0,0,0,0,0,0,0,0,0
2699978662,11,16,1,M,N,,IEP,0,0,1,0,0,0,0,0,0,0,0,0
2699978663,11,16,1,M,N,,,0,1,2,0,0,0,0,0,0,0,0,0
2699978665,11,16,1,F,N,,,0,0,1,0,0,0,0,0,0,0,0,0
2699978667,11,16,1,M,N,,IEP,35,0,1,0,0,0,0,0,0,0,0,0
2699978668,11,16,1,F,N,,IEP,1,0,3,0,0,0,0,0,0,0,0,0
2699986547,11,16,1,F,N,,,1,0,2,0,0,0,0,0,0,0,0,0
2699978658,2,7,3,M,N,,,0,0,0,0,0,0,0,0,0,---,---,---
2699978646,11,16,1,M,N,,504,4,0,2,0,0,0,0,0,0,0,0,0
2699978647,11,16,1,M,N,,,0,0,0,0,0,0,0,0,0,0,0,0
2699978637,3,9,3,F,N,YES,IEP,0,1,0,0,0,0,0,0,0,---,---,---
2699978605,5,10,4,F,N,,,0,0,0,0,0,0,0,0,0,---,---,---
2699978606,6,12,2,M,N,,,0,0,1,0,0,0,0,0,0,0,0,0
2699978607,10,14,1,M,N,,,1,0,3,0,0,0,0,0,0,0,0,0
2699992688,11,16,1,F,N,,IEP,0,0,0,0,0,0,0,0,0,0,0,0
2699985969,12,18,1,F,N,,,0,0,0,0,0,0,0,0,0,0,0,0
2699978606,7,13,2,M,N,YES,,4,0,0,0,0,0,0,0,0,0,0,0
2699984957,2,7,3,F,N,YES,,0,0,0,0,0,0,0,0,0,---,---,---
2699978608,9,15,1,M,N,,IEP,0,0,1,0,0,0,0,0,0,0,0,0
2699978603,8,13,2,F,N,,504,0,0,2,0,0,0,0,0,0,0,0,0
2699978591,6,11,2,M,N,,,0,0,0,0,0,0,0,0,0,0,0,0
2699978592,8,13,2,M,N,,,0,1,0,0,0,0,0,0,0,0,0,0
2699988756,8,13,2,F,N,,504,1,0,0,0,0,0,0,0,0,0,0,0
2699978704,2,7,3,M,Y,YES,,1,1,0,0,0,0,0,0,0,---,---,---
2699978505,2,7,3,M,N,YES,IEP,0,0,0,0,0,0,0,0,0,---,---,---
2699980072,7,13,2,M,N,YES,,2,0,0,0,0,0,0,0,0,0,0,0
2699978505,2,7,3,M,N,,,0,0,0,0,0,0,0,0,0,---,---,---
2699978502,2,7,3,F,N,YES,,1,0,0,0,0,0,0,0,0,---,---,---
2699978498,9,14,1,M,N,,IEP,0,0,0,0,0,0,0,0,0,0,0,0
2699983467,K,5,4,M,N,,,0,0,1,0,0,0,0,0,0,0,0,0
2699978490,K,6,5,M,N,,,0,0,0,0,0,0,0,0,0,0,0,0
2699978478,2,7,4,M,N,YES,,0,0,4,0,0,0,0,0,0,---,---,---
2699978473,2,7,4,M,N,,,0,0,0,0,0,0,0,0,0,---,---,---
2699978458,1,6,4,M,N,,,0,0,0,0,0,0,0,0,0,---,---,---
2699978453,1,6,4,F,N,,,0,0,0,0,0,0,0,0,0,---,---,---
2699988114,1,6,4,M,N,,IEP,0,0,0,0,0,0,0,0,0,---,---,---
2699985397,1,7,4,M,N,YES,IEP,0,0,0,0,0,0,0,0,0,---,---,---
2699985402,1,7,4,M,N,YES,,0,0,0,0,0,0,0,0,0,---,---,---
2699985813,1,6,4,F,N,YES,,0,0,0,0,0,0,0,0,0,---,---,---
2699979518,K,5,5,F,N,YES,,0,0,0,0,0,0,0,0,0,0,0,0
2699978441,2,7,3,M,N,,,0,0,0,0,0,0,0,0,0,---,---,---
2699985538,2,8,4,M,N,,,0,0,2,0,0,0,0,0,0,---,---,---
2699978420,2,7,4,F,N,,,0,0,0,0,0,0,0,0,0,---,---,---
2699978415,2,7,4,M,N,,,0,0,0,0,0,0,0,0,0,---,---,---
2699978402,2,7,4,F,N,,504,0,0,0,0,0,0,0,0,0,---,---,---
2699978390,2,7,4,M,N,,504,0,0,0,0,0,0,0,0,0,---,---,---
2699978383,2,7,4,F,N,,,0,0,0,0,0,0,0,0,0,---,---,---
2699978374,2,7,4,M,N,,IEP,0,0,0,0,0,0,0,0,0,---,---,---
2699988227,2,7,4,M,N,,,0,0,0,0,0,0,0,0,0,---,---,---
2699978370,2,7,4,F,N,YES,,0,0,0,0,0,0,0,0,0,---,---,---
2699978371,2,7,4,F,N,YES,,0,0,0,0,0,0,0,0,0,---,---,---
2699978356,2,7,3,M,N,,,0,0,0,0,0,0,0,0,0,---,---,---
2699978349,2,8,3,M,N,YES,IEP,0,0,0,0,0,0,0,0,0,---,---,---
2699978348,2,7,4,M,N,YES,,0,1,0,0,0,0,0,0,0,---,---,---
2699985965,1,6,5,M,N,,,0,0,0,0,0,0,0,0,0,---,---,---
2699978342,K,5,5,M,N,,,0,0,0,0,0,0,0,0,0,0,0,0
2699986063,2,7,3,M,N,YES,,1,0,0,0,0,0,0,0,0,---,---,---
2699991934,2,7,3,M,N,YES,,0,0,2,0,0,0,0,0,0,---,---,---
2699991708,2,7,3,M,N,YES,,2,0,0,0,0,0,0,0,0,---,---,---
2699978293,1,6,3,F,N,,,1,0,0,0,0,0,0,0,0,---,---,---
2699978286,K,5,4,F,N,,,0,0,0,0,0,0,0,0,0,0,0,0
2699980061,2,7,5,M,N,YES,,0,0,0,0,0,0,0,0,0,---,---,---
2699983402,1,6,5,M,N,,,0,0,0,0,0,0,0,0,0,---,---,---
2699978282,11,16,1,F,N,,,1,0,1,0,0,0,0,0,0,0,0,0
2699986147,1,7,3,M,N,YES,,0,0,0,0,0,0,0,0,0,---,---,---
2699979861,1,6,5,M,N,YES,IEP,0,0,0,0,0,0,0,0,0,---,---,---
2699978282,K,5,5,M,N,,,0,0,0,0,0,0,0,0,0,0,0,0
2699986049,K,5,5,F,N,,IEP,0,0,0,0,0,0,0,0,0,0,0,0
2699978280,1,6,5,F,N,YES,,1,0,0,0,0,0,0,0,0,---,---,---
2699986033,1,6,5,M,N,,,0,0,0,0,0,0,0,0,0,---,---,---
2699988784,1,6,5,M,N,,,0,0,0,0,0,0,0,0,0,---,---,---
2699978273,1,6,5,F,N,,,0,0,0,0,0,0,0,0,0,---,---,---
2699978268,K,5,5,M,N,,,0,0,0,0,0,0,0,0,0,0,0,0
2699978256,2,7,5,M,N,,,0,0,0,0,0,0,0,0,0,---,---,---
2699983413,2,7,5,F,N,YES,,2,0,0,0,0,0,0,0,0,---,---,---
2699978204,4,9,4,F,N,,,1,0,0,0,0,0,0,0,0,---,---,---
2699978199,2,7,5,M,N,YES,,0,0,0,0,0,0,0,0,0,---,---,---
2699978195,3,8,5,F,N,,,0,0,0,0,0,0,0,0,0,---,---,---
2699978190,6,11,2,F,N,,,1,0,0,0,0,0,0,0,0,0,0,0
2699978183,6,10,2,F,N,YES,,0,0,0,0,0,0,0,0,0,0,0,0
2699978180,10,16,1,F,N,,IEP,10,0,2,0,0,0,0,0,0,0,0,0
2699991393,5,10,5,F,N,YES,,1,0,1,0,0,0,0,0,0,---,---,---
2699979866,2,8,5,M,N,YES,,0,0,0,0,0,0,0,0,0,---,---,---
2699982858,1,6,3,F,N,YES,,0,0,0,0,0,0,0,0,0,---,---,---
2699980921,1,6,3,M,N,,IEP,1,0,0,0,0,0,0,0,0,---,---,---
2699986362,1,6,3,F,N,YES,IEP,0,0,0,0,0,0,0,0,0,---,---,---
2699988210,1,6,4,M,N,,IEP,0,0,0,0,0,0,0,0,0,---,---,---
2699983589,1,6,3,F,N,YES,,0,0,0,0,0,0,0,0,0,---,---,---
2699978200,1,6,4,F,N,YES,,0,0,3,0,0,0,0,0,0,---,---,---
2699978199,1,6,4,F,N,YES,,0,0,1,0,0,0,0,0,0,---,---,---
2699978196,5,10,4,F,N,YES,IEP,4,0,0,0,0,0,0,0,0,---,---,---
2699978189,2,7,5,F,N,,,0,0,0,0,0,0,0,0,0,---,---,---
2699978186,5,9,5,F,N,YES,,0,0,0,0,0,0,0,0,0,---,---,---
2699978183,2,7,5,F,N,YES,,0,0,0,0,0,0,0,0,0,---,---,---
2699978173,1,7,4,F,N,YES,IEP,1,0,0,0,0,0,0,0,0,---,---,---
2699978168,1,6,3,F,N,,,0,0,0,0,0,0,0,0,0,---,---,---
2699978146,1,6,3,M,N,YES,,1,1,0,0,0,0,0,0,0,---,---,---
2699978137,K,5,3,M,N,,,0,0,0,0,0,0,0,0,0,0,0,0
2699983267,2,7,4,F,N,,,0,0,1,0,0,0,0,0,0,---,---,---
2699992506,2,7,4,M,N,YES,,0,0,0,0,0,0,0,0,0,---,---,---
2699978153,4,9,3,F,N,,,0,0,0,0,0,0,0,0,0,---,---,---
2699978089,1,6,5,F,N,,,0,0,0,0,0,0,0,0,0,---,---,---
2699978090,1,6,5,F,N,,IEP,0,0,0,0,0,0,0,0,0,---,---,---
2699988757,1,6,4,F,Y,YES,,2,0,4,0,0,0,0,0,0,---,---,---
2699978082,2,7,4,M,N,,,0,0,0,0,0,0,0,0,0,---,---,---
2699978079,2,7,3,M,N,YES,,0,0,0,0,0,0,0,0,0,---,---,---
2699988107,2,7,4,M,N,,IEP,1,0,0,0,0,0,0,0,0,---,---,---
2699978075,9,14,1,F,N,,,0,0,0,0,0,0,0,0,0,0,0,0
2699978060,11,16,1,M,N,,,5,0,0,0,0,0,0,0,0,0,0,0
2699978057,10,15,1,M,N,,,16,1,1,0,0,0,0,0,0,0,0,0
2699978058,4,10,3,M,N,,IEP,1,0,0,0,0,0,0,0,0,---,---,---
2699978043,6,11,2,M,N,YES,,0,0,0,0,0,0,0,0,0,0,0,0
2699978048,5,10,4,M,N,YES,IEP,0,0,0,0,0,0,0,0,0,---,---,---
2699985433,1,6,3,F,N,YES,,0,0,0,0,0,0,0,0,0,---,---,---
2699978026,3,9,3,F,N,YES,IEP,2,3,0,0,0,0,0,0,0,---,---,---
2699978011,1,7,3,M,Y,YES,IEP,0,0,2,0,0,0,0,0,0,---,---,---
2699988872,1,6,4,F,N,,,0,0,1,0,0,0,0,0,0,---,---,---
2699983143,K,5,4,F,N,,IEP,0,0,0,0,0,0,0,0,0,0,0,0
2699978012,11,16,1,M,N,,,3,1,9,0,0,0,0,0,0,0,0,0
2699978009,K,5,4,M,N,,,1,0,0,0,0,0,0,0,0,0,0,0
2699981016,K,5,3,F,N,YES,IEP,1,0,0,0,0,0,0,0,0,0,0,0
2699985081,K,6,3,F,N,YES,,0,0,0,0,0,0,0,0,0,0,0,0
2699977937,K,5,3,F,N,,,1,0,0,0,0,0,0,0,0,0,0,0
2699977910,2,7,4,M,N,,,0,0,0,0,0,0,0,0,0,---,---,---
2699977905,1,6,4,F,N,YES,IEP,0,0,0,0,0,0,0,0,0,---,---,---
2699980661,K,5,4,M,N,,,0,1,0,0,0,0,0,0,0,0,0,0
2699981027,1,5,4,F,N,,,0,0,1,0,0,0,0,0,0,---,---,---
2699977870,K,5,3,F,N,,,1,0,1,0,0,0,0,0,0,0,0,0
2699981537,K,5,4,F,N,YES,,0,2,0,0,0,0,0,0,0,0,0,0
2699977870,1,6,3,M,N,,,0,1,0,0,0,0,0,0,0,---,---,---
2699977856,K,5,4,M,N,YES,IEP,0,0,0,0,0,0,0,0,0,0,0,0
2699977855,K,5,3,M,N,,,0,0,0,0,0,0,0,0,0,0,0,0
2699977856,K,5,3,M,N,,,0,0,0,0,0,0,0,0,0,0,0,0
2699977849,1,6,5,F,N,,,0,0,0,0,0,0,0,0,0,---,---,---
2699980976,1,6,5,M,N,YES,,0,0,2,0,0,0,0,0,0,---,---,---
2699988886,1,6,5,F,N,,,0,0,0,0,0,0,0,0,0,---,---,---
2699977857,1,6,4,F,N,,,0,0,1,0,0,0,0,0,0,---,---,---
2699977848,K,5,4,F,N,,,0,0,0,0,0,0,0,0,0,0,0,0
2699977845,1,6,4,F,N,,,0,0,0,0,0,0,0,0,0,---,---,---
2699977846,1,6,5,M,N,YES,,1,0,2,0,0,0,0,0,0,---,---,---
2699977843,K,6,4,M,N,,,0,0,0,0,0,0,0,0,0,0,0,0
2699977837,K,6,4,M,N,,,1,0,0,0,0,0,0,0,0,0,0,0
2699977834,K,5,3,M,N,,,0,0,0,0,0,0,0,0,0,0,0,0
2699977833,1,6,5,F,N,YES,,0,0,0,0,0,0,0,0,0,---,---,---
2699983058,K,5,5,F,N,,,0,0,0,0,0,0,0,0,0,0,0,0
2699977835,K,5,5,F,N,,,0,0,1,0,0,0,0,0,0,0,0,0
2699977830,1,6,5,F,N,,,0,0,0,0,0,0,0,0,0,---,---,---
2699977827,1,6,4,F,N,,,0,0,0,0,0,0,0,0,0,---,---,---
2699977826,K,5,3,F,N,,,0,0,0,0,0,0,0,0,0,0,0,0
2699977821,K,5,3,M,N,,,0,0,0,0,0,0,0,0,0,0,0,0
2699977820,1,6,4,M,N,,,0,1,0,0,0,0,0,0,0,---,---,---
2699983753,1,6,5,M,N,,,0,0,1,0,0,0,0,0,0,---,---,---
2699984893,1,6,5,F,N,,,0,0,0,0,0,0,0,0,0,---,---,---
2699977816,K,5,5,F,N,,,0,0,0,0,0,0,0,0,0,0,0,0
2699981593,1,6,3,M,N,,,0,0,0,0,0,0,0,0,0,---,---,---
2699977816,K,5,5,F,N,,IEP,3,0,0,0,0,0,0,0,0,0,0,0
2699979053,1,6,4,M,N,,,0,0,0,0,0,0,0,0,0,---,---,---
2699986634,7,12,2,F,N,,,0,0,0,0,0,0,0,0,0,0,0,0
2699977797,1,6,5,F,N,YES,,0,0,0,0,0,0,0,0,0,---,---,---
2699986036,1,6,3,F,N,,,0,0,0,0,0,0,0,0,0,---,---,---
2699977797,9,14,1,M,N,,IEP,3,2,7,0,0,0,0,0,0,0,0,0
2699977734,10,15,1,M,N,,IEP,18,2,1,0,0,0,0,0,0,0,0,0
2699977725,K,5,4,M,N,,IEP,0,0,1,0,0,0,0,0,0,0,0,0
2699978270,K,6,3,M,N,YES,IEP,2,3,0,0,0,0,0,0,0,0,0,0
2699977732,K,5,5,M,N,YES,,0,0,0,0,0,0,0,0,0,0,0,0
2699977731,K,5,4,M,N,,,0,0,0,0,0,0,0,0,0,0,0,0
2699977730,K,5,3,M,N,,,0,0,0,0,0,0,0,0,0,0,0,0
2699977727,K,5,5,M,N,,,0,0,0,0,0,0,0,0,0,0,0,0
2699977724,K,6,3,M,N,,,0,0,0,0,0,0,0,0,0,0,0,0
2699977725,K,6,4,M,N,YES,,0,0,1,0,0,0,0,0,0,0,0,0
2699981458,1,7,4,M,N,,IEP,0,0,0,0,0,0,0,0,0,---,---,---
2699977728,1,6,5,M,N,,,0,0,0,0,0,0,0,0,0,---,---,---
2699979009,PA,4,4,M,N,,IEP,0,0,0,0,0,0,0,0,0,0,0,0
2699977717,7,13,2,M,N,YES,,6,0,0,0,0,0,0,0,0,0,0,0
2699984143,K,5,4,M,N,,IEP,1,0,0,0,0,0,0,0,0,0,0,0
2699977689,K,5,3,M,N,YES,IEP,0,0,0,0,0,0,0,0,0,0,0,0
2699977680,6,11,2,M,N,,,2,0,0,0,0,0,0,0,0,0,0,0
2699977681,5,10,5,F,N,,,0,0,1,0,0,0,0,0,0,---,---,---
2699977662,4,9,3,M,N,,,0,0,0,0,0,0,0,0,0,---,---,---
2699977663,1,7,3,M,N,,,0,0,0,0,0,0,0,0,0,---,---,---
2699977664,1,7,3,M,N,,,0,0,0,0,0,0,0,0,0,---,---,---
2699977659,K,5,5,M,N,,,0,0,0,0,0,0,0,0,0,0,0,0
2699977648,12,17,1,M,N,,IEP,0,3,3,0,0,0,0,0,0,0,0,0
2699977640,5,10,5,F,N,YES,,0,0,0,0,0,0,0,0,0,---,---,---
2699977641,K,5,5,F,N,YES,IEP,0,0,0,0,0,0,0,0,0,0,0,0
2699977642,4,9,5,F,N,YES,,0,0,0,0,0,0,0,0,0,---,---,---
2699977787,K,5,5,M,N,,,0,0,0,0,0,0,0,0,0,0,0,0
2699977576,2,7,3,F,Y,YES,,0,0,0,0,0,0,0,0,0,---,---,---
2699977564,9,14,1,F,N,,,0,0,0,0,0,0,0,0,0,0,0,0
2699977565,7,12,2,F,N,,,0,0,0,0,0,0,0,0,0,0,0,0
2699978935,K,5,5,F,N,,IEP,1,0,0,0,0,0,0,0,0,0,0,0
2699977568,K,6,3,M,N,YES,,2,0,0,0,0,0,0,0,0,0,0,0
2699977570,K,5,5,M,N,YES,,0,0,0,0,0,0,0,0,0,0,0,0
2699977540,12,17,1,F,N,,,7,0,4,0,0,0,0,0,0,0,0,0
2699977406,12,18,1,F,N,,504,0,1,0,0,0,0,0,0,0,0,0,0
2699982863,10,15,1,F,N,,,14,0,1,0,0,0,0,0,0,0,0,0
2699977389,PA,4,4,F,N,,,0,0,0,0,0,0,0,0,0,0,0,0
2699977376,10,16,1,M,N,,,14,2,2,0,0,0,0,0,0,0,0,0
2699985314,10,15,1,M,N,,,0,0,0,0,0,0,0,0,0,0,0,0
2699985225,10,15,1,M,N,,,0,0,0,0,0,0,0,0,0,0,0,0
2699977384,10,15,1,M,N,,,19,0,1,0,0,0,0,0,0,0,0,0
2699986237,10,16,1,M,N,,IEP,29,0,0,0,0,0,0,0,0,0,0,0
2699977388,10,15,1,M,N,,504,0,0,0,0,0,0,0,0,0,0,0,0
2699977390,10,16,1,M,N,,,38,0,0,0,0,0,0,0,0,0,0,0
2699977391,12,18,1,F,N,,,23,0,0,0,0,0,0,0,0,0,0,0
2699977395,K,5,4,F,N,,,0,0,4,0,0,0,0,0,0,0,0,0
2699977396,PA,4,4,F,N,,,2,0,0,0,0,0,0,0,0,0,0,0
2699977393,K,5,4,F,N,,,0,0,0,0,0,0,0,0,0,0,0,0
2699979688,PA,4,4,F,N,,,0,0,0,0,0,0,0,0,0,0,0,0
2699977382,1,6,4,F,N,,,0,1,0,0,0,0,0,0,0,---,---,---
2699977333,10,15,1,M,N,,,5,0,0,0,0,0,0,0,0,0,0,0
2699983114,PP,4,4,F,N,,,0,0,0,0,0,0,0,0,0,0,0,0
2699977321,K,6,4,M,N,,,0,0,0,0,0,0,0,0,0,0,0,0
2699977320,K,5,4,M,N,,,0,0,1,0,0,0,0,0,0,0,0,0
2699977317,8,13,2,F,N,,,1,0,0,0,0,0,0,0,0,0,0,0
2699977307,K,6,3,M,N,,,0,0,1,0,0,0,0,0,0,0,0,0
2699977302,PP,4,4,F,N,,,0,1,0,0,0,0,0,0,0,0,0,0
2699977299,10,15,1,M,N,,504,0,0,0,0,0,0,0,0,0,0,0,0
2699977298,K,5,4,M,N,,,0,3,0,0,0,0,0,0,0,0,0,0
2699977294,PP,4,4,M,N,YES,,0,1,0,0,0,0,0,0,0,0,0,0
2699977289,3,8,4,F,N,YES,,0,0,2,0,0,0,0,0,0,---,---,---
2699977290,5,10,4,M,N,YES,,1,0,2,0,0,0,0,0,0,---,---,---
2699977281,1,6,4,M,N,YES,,0,0,0,0,0,0,0,0,0,---,---,---
2699977276,K,5,4,F,N,,,0,0,0,0,0,0,0,0,0,0,0,0
2699979861,K,5,4,F,N,,,0,0,0,0,0,0,0,0,0,0,0,0
2699977250,K,5,4,M,N,YES,,0,0,0,0,0,0,0,0,0,0,0,0
2699977241,12,18,1,M,N,,,0,7,8,0,0,0,0,0,0,0,0,0
2699982418,8,13,2,M,N,YES,,0,0,1,0,0,0,0,0,0,0,0,0
2699977238,1,6,4,F,N,,,0,0,0,0,0,0,0,0,0,---,---,---
2699977236,PA,4,4,F,N,,IEP,2,3,0,0,0,0,0,0,0,0,0,0
2699977231,PA,4,3,M,N,,,1,0,0,0,0,0,0,0,0,0,0,0
2699982180,PA,4,3,M,N,,,0,0,0,0,0,0,0,0,0,0,0,0
2699977228,K,6,5,M,N,,,0,0,0,0,0,0,0,0,0,0,0,0
2699977227,K,5,3,M,N,YES,IEP,0,0,0,0,0,0,0,0,0,0,0,0
2699977217,8,13,2,M,N,YES,,1,0,0,0,0,0,0,0,0,0,0,0
2699977208,1,7,5,M,N,,,0,0,1,0,0,0,0,0,0,---,---,---
2699977205,1,6,5,M,N,,,0,0,0,0,0,0,0,0,0,---,---,---
2699977204,4,9,4,F,N,,,0,0,0,0,0,0,0,0,0,---,---,---
2699977199,1,6,4,F,N,,,0,0,0,0,0,0,0,0,0,---,---,---
2699977180,8,13,2,F,N,,,1,0,0,0,0,0,0,0,0,0,0,0
2699990047,1,6,3,F,N,YES,,0,0,0,0,0,0,0,0,0,---,---,---
2699977141,2,6,4,M,N,,,0,0,0,0,0,0,0,0,0,---,---,---
2699977134,2,7,3,F,N,,,0,0,0,0,0,0,0,0,0,---,---,---
2699977129,1,6,3,F,N,,,0,0,0,0,0,0,0,0,0,---,---,---
2699977126,6,11,2,F,N,YES,IEP,0,0,1,0,0,0,0,0,0,0,0,0
2699977121,2,7,3,M,N,,,0,0,0,0,0,0,0,0,0,---,---,---
2699977118,K,5,3,M,N,YES,,1,0,0,0,0,0,0,0,0,0,0,0
2699977110,8,13,2,M,N,,,0,0,1,0,0,0,0,0,0,0,0,0
2699977104,K,5,3,M,N,,,1,0,0,0,0,0,0,0,0,0,0,0
2699977101,1,6,5,F,N,,,0,0,0,0,0,0,0,0,0,---,---,---
2699977088,1,6,5,M,N,,,0,0,3,0,0,0,0,0,0,---,---,---
2699977087,9,14,1,M,N,,,0,2,0,0,0,0,0,0,0,0,0,0
2699977086,PA,4,3,M,N,,,1,0,0,0,0,0,0,0,0,0,0,0
2699977075,K,5,3,M,N,,IEP,1,0,0,0,0,0,0,0,0,0,0,0
2699986740,1,6,3,F,N,YES,,0,0,0,0,0,0,0,0,0,---,---,---
2699977059,1,6,5,M,N,,,0,0,0,0,0,0,0,0,0,---,---,---
2699987434,1,6,5,M,N,,IEP,0,0,0,0,0,0,0,0,0,---,---,---
2699984023,1,6,5,F,N,,,0,0,0,0,0,0,0,0,0,---,---,---
2699984480,PA,4,5,M,N,,,1,0,0,0,0,0,0,0,0,0,0,0
2699979699,K,5,5,F,N,YES,,0,0,0,0,0,0,0,0,0,0,0,0
2699982200,K,5,5,M,N,,IEP,0,0,0,0,0,0,0,0,0,0,0,0
2699982237,PA,4,5,F,N,,,0,0,0,0,0,0,0,0,0,0,0,0
2699984885,PP,4,5,F,N,,,0,0,0,0,0,0,0,0,0,0,0,0
2699980359,4,9,3,M,N,,,0,0,0,0,0,0,0,0,0,---,---,---
2699977086,10,16,1,M,N,,IEP,0,0,0,0,0,0,0,0,0,0,0,0
2699982276,PA,5,5,M,N,,,0,0,0,0,0,0,0,0,0,0,0,0
2699977075,1,6,4,F,N,,,0,5,0,0,0,0,0,0,0,---,---,---
2699977076,1,6,4,F,N,,,0,5,0,0,0,0,0,0,0,---,---,---
2699992217,8,13,2,F,N,,,0,0,4,0,0,0,0,0,0,0,0,0
2699976998,10,15,1,F,N,,,0,0,5,0,0,0,0,0,0,0,0,0
2699977498,PP,4,4,F,N,YES,,0,2,0,0,0,0,0,0,0,0,0,0
2699990209,4,9,4,F,N,YES,,0,0,0,0,0,0,0,0,0,---,---,---
2699977004,PA,4,3,M,N,YES,,0,0,0,0,0,0,0,0,0,0,0,0
2699976999,1,6,3,F,N,,,3,0,0,0,0,0,0,0,0,---,---,---
2699985138,PA,4,3,M,N,,,1,0,0,0,0,0,0,0,0,0,0,0
2699976993,6,12,2,F,N,,IEP,1,0,1,0,0,0,0,0,0,0,0,0
2699976985,2,7,5,F,N,,,0,0,0,0,0,0,0,0,0,---,---,---
2699976984,PA,4,4,M,N,YES,,1,0,0,0,0,0,0,0,0,0,0,0
2699976968,5,11,4,F,N,YES,504,0,0,0,0,0,0,0,0,0,---,---,---
2699976967,8,14,2,M,N,YES,IEP,0,0,4,0,0,0,0,0,0,0,0,0
2699976968,4,9,4,M,N,YES,IEP,2,0,1,0,0,0,0,0,0,---,---,---
2699976969,2,8,4,M,N,YES,IEP,0,0,2,0,0,0,0,0,0,---,---,---
2699976939,3,8,3,F,N,,,0,5,0,0,0,0,0,0,0,---,---,---
2699986879,1,6,3,F,N,YES,,0,0,0,0,0,0,0,0,0,---,---,---
2699979560,PA,4,3,F,N,YES,,2,2,0,0,0,0,0,0,0,0,0,0
2699976881,2,6,4,M,N,,,0,0,0,0,0,0,0,0,0,---,---,---
2699976876,PA,4,3,M,N,YES,,2,0,0,0,0,0,0,0,0,0,0,0
2699976854,4,9,4,M,N,YES,IEP,0,0,1,0,0,0,0,0,0,---,---,---
2699976851,6,11,2,F,N,YES,,0,0,0,0,0,0,0,0,0,0,0,0
2699976840,10,15,1,M,N,,,0,1,0,0,0,0,0,0,0,0,0,0
2699976823,3,8,3,M,N,YES,,0,0,0,0,0,0,0,0,0,---,---,---
2699976814,1,6,3,F,N,,,0,0,0,0,0,0,0,0,0,---,---,---
2699976803,PP,4,3,F,N,YES,,0,0,0,0,0,0,0,0,0,0,0,0
2699976795,2,7,5,F,N,,,0,0,1,0,0,0,0,0,0,---,---,---
2699976796,4,9,5,F,N,,,0,0,1,0,0,0,0,0,0,---,---,---
2699976795,K,5,5,F,N,YES,,1,0,0,0,0,0,0,0,0,0,0,0
2699976791,K,6,4,F,N,YES,,0,0,1,0,0,0,0,0,0,0,0,0
2699976788,PA,4,3,F,N,YES,,1,0,0,0,0,0,0,0,0,0,0,0
2699976785,4,9,3,F,N,YES,,1,1,0,0,0,0,0,0,0,---,---,---
2699985460,3,9,4,M,N,YES,IEP,0,8,1,0,0,0,0,0,0,---,---,---
2699995775,6,11,2,F,N,,,1,0,0,0,0,0,0,0,0,0,0,0
2699982471,PP,4,3,F,N,,,2,0,0,0,0,0,0,0,0,0,0,0
2699976774,7,12,2,F,N,,,1,0,2,0,0,0,0,0,0,0,0,0
2699976770,K,5,3,F,N,YES,IEP,3,0,0,0,0,0,0,0,0,0,0,0
2699981709,K,5,5,M,N,,IEP,1,0,1,0,0,0,0,0,0,0,0,0
2699976768,K,6,4,F,N,,,0,0,0,0,0,0,0,0,0,0,0,0
2699976759,PA,5,4,M,N,YES,,0,0,0,0,0,0,0,0,0,0,0,0
2699976755,7,13,2,M,N,YES,IEP,3,0,2,0,0,0,0,0,0,0,0,0
2699992389,5,11,3,M,N,YES,IEP,0,0,0,0,0,0,0,0,0,---,---,---
2699976739,4,8,5,F,N,YES,,0,0,0,0,0,0,0,0,0,---,---,---
2699976740,9,13,1,F,N,,,2,1,4,0,0,0,0,0,0,0,0,0
2699976686,PP,4,4,M,N,YES,,0,0,0,0,0,0,0,0,0,0,0,0
2699982923,PA,4,3,M,N,YES,,0,0,0,0,0,0,0,0,0,0,0,0
2699976683,K,5,5,F,N,,,2,0,0,0,0,0,0,0,0,0,0,0
2699982938,K,5,4,M,N,YES,IEP,0,0,0,0,0,0,0,0,0,0,0,0
2699976650,2,7,5,F,N,YES,,1,0,0,0,0,0,0,0,0,---,---,---
2699976633,K,6,4,F,N,YES,,0,0,3,0,0,0,0,0,0,0,0,0
2699976618,K,5,3,F,N,YES,,3,0,0,0,0,0,0,0,0,0,0,0
2699976620,6,11,2,F,N,YES,,0,0,1,0,0,0,0,0,0,0,0,0
2699976607,2,7,4,M,N,YES,,0,0,4,0,0,0,0,0,0,---,---,---
2699976598,10,15,1,F,N,,IEP,6,20,12,0,0,0,0,0,0,0,0,0
2699976587,3,8,3,M,N,YES,,0,0,0,0,0,0,0,0,0,---,---,---
2699976587,5,11,3,M,N,YES,IEP,0,0,0,0,0,0,0,0,0,---,---,---
2699976588,7,13,2,M,N,YES,,6,0,0,0,0,0,0,0,0,0,0,0
2699976578,PA,4,3,M,N,YES,IEP,1,0,0,0,0,0,0,0,0,0,0,0
2699976575,4,9,5,F,N,,,0,0,0,0,0,0,0,0,0,---,---,---
2699976576,1,6,5,M,N,,,1,0,0,0,0,0,0,0,0,---,---,---
2699976560,2,7,5,M,N,YES,IEP,2,0,0,0,0,0,0,0,0,---,---,---
2699976551,5,11,3,F,N,YES,,2,1,0,0,0,0,0,0,0,---,---,---
2699976552,4,9,3,M,N,YES,,0,0,0,0,0,0,0,0,0,---,---,---
2699976553,1,6,3,M,N,YES,IEP,2,0,0,0,0,0,0,0,0,---,---,---
2699976541,PA,4,4,M,N,,IEP,0,0,0,0,0,0,0,0,0,0,0,0
2699976536,4,9,5,M,N,YES,,0,0,1,0,0,0,0,0,0,---,---,---
2699976518,2,7,4,M,N,,,0,0,0,0,0,0,0,0,0,---,---,---
2699976494,12,18,1,M,N,,,11,0,0,0,0,0,0,0,0,0,0,0
2699976527,1,5,4,F,N,,,0,0,0,0,0,0,0,0,0,---,---,---
2699991245,12,17,1,M,N,,,1,4,12,0,0,0,0,0,0,0,0,0
2699976481,K,5,3,F,Y,YES,,3,0,0,0,0,0,0,0,0,0,0,0
2699976470,11,17,1,M,N,,,4,15,5,0,0,0,0,0,0,0,0,0
2699976455,K,5,4,F,N,YES,,0,0,0,0,0,0,0,0,0,0,0,0
2699976450,8,12,2,M,N,YES,,5,0,0,0,0,0,0,0,0,0,0,0
2699976444,3,8,3,M,N,YES,,4,0,1,0,0,0,0,0,0,---,---,---
2699976435,9,15,1,M,N,,IEP,0,0,4,0,0,0,0,0,0,0,0,0
2699976426,2,7,5,M,N,YES,,0,0,0,0,0,0,0,0,0,---,---,---
2699976417,1,7,4,M,N,YES,IEP,0,0,0,0,0,0,0,0,0,---,---,---
2699976418,5,10,4,F,N,,,2,0,0,0,0,0,0,0,0,---,---,---
2699980433,PA,4,4,M,N,,IEP,2,0,0,0,0,0,0,0,0,0,0,0
2699976408,K,6,5,F,N,,,2,0,0,0,0,0,0,0,0,0,0,0
2699976403,6,11,2,F,N,,,0,0,0,0,0,0,0,0,0,0,0,0
2699976404,3,9,4,M,N,,504,0,0,1,0,0,0,0,0,0,---,---,---
2699976371,6,11,2,M,N,,,0,0,1,0,0,0,0,0,0,0,0,0
2699976373,2,7,3,F,N,,,0,0,0,0,0,0,0,0,0,---,---,---
2699976349,9,14,1,M,N,,,4,4,3,0,0,0,0,0,0,0,0,0
2699976323,9,14,1,M,N,,,13,4,8,0,0,0,0,0,0,0,0,0
2699976324,9,14,1,F,N,,,0,3,1,0,0,0,0,0,0,0,0,0
2699976325,9,14,1,F,N,,,0,0,3,0,0,0,0,0,0,0,0,0
2699987118,9,14,1,F,N,,,5,8,2,0,0,0,0,0,0,0,0,0
2699976329,9,14,1,F,N,,,0,0,2,0,0,0,0,0,0,0,0,0
2699996790,9,14,1,M,N,,,0,1,2,0,0,0,0,0,0,0,0,0
2699986269,9,14,1,M,N,,,0,0,0,0,0,0,0,0,0,0,0,0
2699978490,9,14,1,F,N,,504,17,0,1,0,0,0,0,0,0,0,0,0
2699978491,9,14,1,M,N,,,17,2,1,0,0,0,0,0,0,0,0,0
2699976342,9,14,1,M,N,,,0,0,1,0,0,0,0,0,0,0,0,0
2699976343,9,14,1,F,N,,,29,3,1,0,0,0,0,0,0,0,0,0
2699976342,9,14,1,M,N,,,0,0,3,0,0,0,0,0,0,0,0,0
2699976339,7,12,2,F,N,,,0,0,0,0,0,0,0,0,0,0,0,0
2699976340,9,14,1,M,N,,504,0,0,1,0,0,0,0,0,0,0,0,0
2699976341,9,14,1,F,N,,,0,2,1,0,0,0,0,0,0,0,0,0
2699988699,9,14,1,M,N,,,6,1,2,0,0,0,0,0,0,0,0,0
2699976340,9,14,1,M,N,,504,0,0,0,0,0,0,0,0,0,0,0,0
2699976311,9,14,1,M,N,,504,1,0,2,0,0,0,0,0,0,0,0,0
2699976313,9,14,1,M,N,,,0,2,1,0,0,0,0,0,0,0,0,0
2699976314,9,14,1,F,N,,,5,1,5,0,0,0,0,0,0,0,0,0
2699976315,9,14,1,F,N,,,0,0,0,0,0,0,0,0,0,0,0,0
2699976316,10,16,1,M,Y,,,15,0,12,0,0,0,0,0,0,0,0,0
2699983617,9,14,1,F,N,,,0,0,1,0,0,0,0,0,0,0,0,0
2699976316,5,10,3,M,N,YES,IEP,1,0,1,0,0,0,0,0,0,---,---,---
2699980745,PP,3,3,M,N,,IEP,1,1,0,0,0,0,0,0,0,0,0,0
2699976314,K,5,3,M,N,,,1,0,0,0,0,0,0,0,0,0,0,0
2699980362,7,12,2,M,N,,,0,1,0,0,0,0,0,0,0,0,0,0
2699976280,PP,4,3,F,N,,,2,0,0,0,0,0,0,0,0,0,0,0
2699976281,6,11,2,F,N,YES,,1,0,0,0,0,0,0,0,0,0,0,0
2699976280,7,13,2,M,N,,,0,0,0,0,0,0,0,0,0,0,0,0
2699976273,8,13,2,M,N,,,1,0,0,0,0,0,0,0,0,0,0,0
2699976272,PA,3,4,F,N,,,0,0,0,0,0,0,0,0,0,0,0,0
2699976204,9,14,1,M,N,,,11,1,1,0,0,0,0,0,0,0,0,0
2699976199,K,5,3,M,N,YES,,0,0,0,0,0,0,0,0,0,0,0,0
2699976194,PA,3,3,F,N,,,0,0,0,0,0,0,0,0,0,0,0,0
2699985337,K,5,3,F,N,YES,,0,0,0,0,0,0,0,0,0,0,0,0
2699976182,AW,32,1,F,N,,,0,0,0,0,0,0,0,0,0,0,0,0
2699983719,PA,3,3,M,N,,,0,0,0,0,0,0,0,0,0,0,0,0
2699999108,9,15,1,F,N,,,0,2,1,0,0,0,0,0,0,0,0,0
2699977830,PP,3,3,M,N,YES,,1,0,1,0,0,0,0,0,0,0,0,0
2699983291,PP,3,3,F,N,YES,,0,1,1,0,0,0,0,0,0,0,0,0
2699976134,PA,4,5,F,N,,,1,0,0,0,0,0,0,0,0,0,0,0
2699976135,PP,3,3,M,N,,,0,0,0,0,0,0,0,0,0,0,0,0
2699976122,9,16,1,M,N,,,11,1,0,0,0,0,0,0,0,0,0,0
2699976054,7,12,2,F,N,,,2,3,1,0,0,0,0,0,0,0,0,0
2699976047,7,12,2,M,N,YES,IEP,1,0,0,0,0,0,0,0,0,0,0,0
2699976038,PP,4,3,M,N,,,0,0,0,0,0,0,0,0,0,0,0,0
2699976033,11,16,1,M,N,,,0,0,0,0,0,0,0,0,0,0,0,0
2699976026,K,5,4,M,N,,,0,0,0,0,0,0,0,0,0,0,0,0
2699976012,10,15,1,F,N,,,5,0,0,0,0,0,0,0,0,0,0,0
2699975987,7,12,2,F,N,,,0,0,1,0,0,0,0,0,0,0,0,0
2699975981,6,12,2,F,N,YES,,0,0,0,0,0,0,0,0,0,0,0,0
2699985118,7,13,2,F,N,,,0,0,0,0,0,0,0,0,0,0,0,0
2699975981,3,8,3,M,N,,,1,0,0,0,0,0,0,0,0,---,---,---
2699975972,K,6,3,F,N,,,0,0,0,0,0,0,0,0,0,0,0,0
2699975970,9,15,1,F,N,,,0,0,0,0,0,0,0,0,0,0,0,0
2699975971,8,13,2,F,N,,,0,0,0,0,0,0,0,0,0,0,0,0
2699975968,9,14,1,M,N,,,27,0,0,0,0,0,0,0,0,0,0,0
2699975965,1,6,4,F,N,,,0,0,1,0,0,0,0,0,0,---,---,---
2699975958,2,7,4,M,N,,,0,0,0,0,0,0,0,0,0,---,---,---
2699975957,2,7,4,F,N,,,0,0,0,0,0,0,0,0,0,---,---,---
2699975950,5,10,4,M,N,,,0,0,0,0,0,0,0,0,0,---,---,---
2699975951,PP,4,4,M,N,,,0,0,0,0,0,0,0,0,0,0,0,0
2699977180,1,7,4,M,N,YES,,0,0,0,0,0,0,0,0,0,---,---,---
2699975987,PP,4,4,F,N,,,0,0,0,0,0,0,0,0,0,0,0,0
2699975948,PA,3,4,F,N,,,0,1,0,0,0,0,0,0,0,0,0,0
2699978741,PP,3,4,F,N,,,0,0,0,0,0,0,0,0,0,0,0,0
2699978746,PP,3,4,M,N,,,0,1,0,0,0,0,0,0,0,0,0,0
2699975943,PP,3,4,M,N,,,0,1,0,0,0,0,0,0,0,0,0,0
2699980340,PA,3,4,F,N,,,1,0,0,0,0,0,0,0,0,0,0,0
2699975932,PP,4,4,M,N,,,0,6,0,0,0,0,0,0,0,0,0,0
2699975925,K,5,4,F,N,,,0,0,3,0,0,0,0,0,0,0,0,0
2699975922,K,5,4,M,N,,,0,0,1,0,0,0,0,0,0,0,0,0
2699981175,K,5,4,M,N,,,0,0,0,0,0,0,0,0,0,0,0,0
2699978230,K,5,4,F,N,YES,,0,0,0,0,0,0,0,0,0,0,0,0
2699988691,3,9,5,M,N,,,0,0,0,0,0,0,0,0,0,---,---,---
2699981200,PA,3,4,F,N,,,1,1,0,0,0,0,0,0,0,0,0,0
2699984881,PA,4,4,M,N,,,0,2,0,0,0,0,0,0,0,0,0,0
2699975866,4,9,5,M,N,YES,,0,0,0,0,0,0,0,0,0,---,---,---
2699975867,6,11,2,F,N,YES,,0,0,0,0,0,0,0,0,0,0,0,0
2699975862,PP,3,3,M,N,YES,,1,1,0,0,0,0,0,0,0,0,0,0
2699975848,6,11,2,F,N,,,0,0,0,0,0,0,0,0,0,0,0,0
2699975841,PA,3,5,M,N,,,0,0,0,0,0,0,0,0,0,0,0,0
2699975840,PA,3,5,M,N,,,1,0,0,0,0,0,0,0,0,0,0,0
2699975841,PP,4,5,M,N,,,0,0,1,0,0,0,0,0,0,0,0,0
2699975831,PP,5,5,M,N,,,0,0,0,0,0,0,0,0,0,0,0,0
2699975822,PP,5,5,F,N,,,1,0,0,0,0,0,0,0,0,0,0,0
2699975821,PA,3,5,M,N,,,0,0,0,0,0,0,0,0,0,0,0,0
2699975816,PA,4,5,F,N,,,7,0,1,0,0,0,0,0,0,0,0,0
2699975817,5,10,5,F,N,,,1,0,0,0,0,0,0,0,0,---,---,---
2699975814,1,6,5,F,N,,,1,0,0,0,0,0,0,0,0,---,---,---
2699975815,3,8,5,F,N,,,0,0,0,0,0,0,0,0,0,---,---,---
2699975816,5,10,5,F,N,,,0,0,0,0,0,0,0,0,0,---,---,---
2699975811,5,10,5,M,N,,,0,0,0,0,0,0,0,0,0,---,---,---
2699975812,3,8,5,F,N,,,1,0,0,0,0,0,0,0,0,---,---,---
2699975801,6,11,2,M,Y,YES,,0,0,1,0,0,0,0,0,0,0,0,0
2699975800,K,5,5,M,N,,,0,0,0,0,0,0,0,0,0,0,0,0
2699975799,6,11,2,F,N,YES,,1,0,0,0,0,0,0,0,0,0,0,0
2699975780,10,15,1,F,N,,,0,0,0,0,0,0,0,0,0,0,0,0
2699975777,PA,3,5,M,N,,,0,0,0,0,0,0,0,0,0,0,0,0
2699975757,K,6,3,M,N,,,3,0,0,0,0,0,0,0,0,0,0,0
2699997295,3,8,5,M,N,YES,,0,0,0,0,0,0,0,0,0,---,---,---
2699979862,PA,4,5,M,N,,,0,0,0,0,0,0,0,0,0,0,0,0
2699980951,PP,3,5,F,N,,,0,0,0,0,0,0,0,0,0,0,0,0
2699982946,PP,3,5,M,N,,,1,0,0,0,0,0,0,0,0,0,0,0
2699975757,2,8,3,F,N,YES,,0,0,0,0,0,0,0,0,0,---,---,---
2699975750,K,5,3,M,N,,,0,0,0,0,0,0,0,0,0,0,0,0
2699975751,K,5,5,F,N,,,0,0,0,0,0,0,0,0,0,0,0,0
2699975753,10,16,1,F,N,,,1,11,7,0,0,0,0,0,0,0,0,0
2699975744,9,15,1,M,N,,IEP,0,3,0,0,0,0,0,0,0,0,0,0
2699980229,PA,3,4,M,N,,,0,0,0,0,0,0,0,0,0,0,0,0
2699975732,PP,3,4,M,N,,,0,0,0,0,0,0,0,0,0,0,0,0
2699975727,4,9,4,F,N,,,0,0,0,0,0,0,0,0,0,---,---,---
2699975728,1,6,4,M,N,,,0,0,0,0,0,0,0,0,0,---,---,---
2699975725,9,15,1,M,N,,IEP,0,0,2,0,0,0,0,0,0,0,0,0
2699975726,9,14,1,M,N,,,11,8,13,0,0,0,0,0,0,0,0,0
2699975721,1,6,3,F,N,,,0,0,1,0,0,0,0,0,0,---,---,---
2699986094,1,6,3,M,N,YES,,0,0,0,0,0,0,0,0,0,---,---,---
2699975717,PP,3,4,F,N,,,0,0,0,0,0,0,0,0,0,0,0,0
2699980905,PP,4,3,F,N,,,0,0,1,0,0,0,0,0,0,0,0,0
2699975712,2,8,4,F,N,YES,,0,0,0,0,0,0,0,0,0,---,---,---
2699975711,PP,4,3,F,N,,,1,0,0,0,0,0,0,0,0,0,0,0
2699975700,12,17,1,M,N,,,1,2,7,0,0,0,0,0,0,0,0,0
2699975701,11,16,1,F,N,,,0,0,5,0,0,0,0,0,0,0,0,0
2699975696,2,7,4,F,N,,,0,0,1,0,0,0,0,0,0,---,---,---
2699975693,9,15,1,M,N,,,5,3,10,0,0,0,0,0,0,0,0,0
2699975685,K,5,4,F,N,YES,,0,0,1,0,0,0,0,0,0,0,0,0
2699975676,1,6,5,M,N,YES,,1,0,1,0,0,0,0,0,0,---,---,---
2699975677,4,9,5,F,N,YES,,1,0,1,0,0,0,0,0,0,---,---,---
2699975674,9,14,1,M,N,,,0,0,5,0,0,0,0,0,0,0,0,0
2699975675,9,14,1,F,N,,,0,1,5,0,0,0,0,0,0,0,0,0
2699975675,11,16,1,F,N,,,5,1,2,0,0,0,0,0,0,0,0,0
2699975676,9,14,1,F,N,,,5,6,2,0,0,0,0,0,0,0,0,0
2699975677,11,17,1,F,N,,,10,6,0,0,0,0,0,0,0,0,0,0
2699975636,K,5,4,F,N,,,0,0,0,0,0,0,0,0,0,0,0,0
2699975637,3,8,4,F,N,,,0,0,0,0,0,0,0,0,0,---,---,---
2699975630,4,9,3,F,N,YES,,0,0,0,0,0,0,0,0,0,---,---,---
2699975623,K,5,4,F,N,,,0,0,1,0,0,0,0,0,0,0,0,0
2699975615,K,5,3,M,N,,,0,0,0,0,0,0,0,0,0,0,0,0
2699975614,8,13,2,M,N,YES,,0,0,0,0,0,0,0,0,0,0,0,0
2699975612,7,12,2,M,N,YES,,1,0,1,0,0,0,0,0,0,0,0,0
2699975611,3,8,3,F,N,,,0,1,0,0,0,0,0,0,0,---,---,---
2699975596,10,15,1,M,N,,,24,0,0,0,0,0,0,0,0,0,0,0
2699986364,PA,4,4,M,N,YES,,0,0,1,0,0,0,0,0,0,0,0,0
2699975585,PA,3,5,F,N,,,0,0,0,0,0,0,0,0,0,0,0,0
2699975573,10,15,1,M,N,,,0,0,0,0,0,0,0,0,0,0,0,0
2699975565,4,9,5,F,N,,,0,0,0,0,0,0,0,0,0,---,---,---
2699975566,4,9,5,F,N,,,0,0,0,0,0,0,0,0,0,---,---,---
2699975563,PP,3,4,F,N,,,1,0,0,0,0,0,0,0,0,0,0,0
2699975564,PA,4,3,M,N,YES,,1,0,0,0,0,0,0,0,0,0,0,0
2699975508,PA,5,5,M,N,YES,,1,0,0,0,0,0,0,0,0,0,0,0
2699975505,12,17,1,F,N,,,7,5,2,0,0,0,0,0,0,0,0,0
2699975447,AW,18,1,F,N,,,0,0,0,0,0,0,0,0,0,0,0,0
2699996720,11,17,1,F,N,,,0,0,0,0,0,0,0,0,0,0,0,0
