,Summons Number,Violation Code,Violation Time,House Number,Street Name,City & State,Zip Code,Lat,Long
0,8725653684,71,0319P,235,Bedford Ave,"Brooklyn,  NY",11211.0,40.7159571,-73.9595272
1,8725653696,20,0322P,235,Bedford Ave,"Brooklyn,  NY",11211.0,40.7159571,-73.9595272
2,8725653702,20,0324P,235,Bedford Ave,"Brooklyn,  NY",11211.0,40.7159571,-73.9595272
3,8670481194,21,1138A,133,Frost St,"Brooklyn,  NY",11211.0,40.7180535,-73.9462496
4,8670481212,21,1140A,133,Frost St,"Brooklyn,  NY",11211.0,40.7180535,-73.9462496
5,8670481200,21,1139A,133,Frost St,"Brooklyn,  NY",11211.0,40.7180535,-73.9462496
6,8670481224,21,1141A,141,Frost St,"Brooklyn,  NY",11211.0,40.7181171,-73.94588230000001
7,8670481236,21,1142A,145,Frost St,"Brooklyn,  NY",11211.0,40.7182133,-73.94574450000002
8,8670481248,21,1143A,151,Frost St,"Brooklyn,  NY",11211.0,40.7181676,-73.94542299999999
9,8708932311,71,0148P,168,Frost St,"Brooklyn,  NY",11211.0,40.7179726,-73.94459599999999
10,8702766942,21,1153A,175,Frost St,"Brooklyn,  NY",11211.0,40.7182739,-73.9442748
11,8702766905,21,1147A,237,Frost St,"Brooklyn,  NY",11211.0,40.7185566,-73.9413828
12,8702766917,21,1149A,239,Frost St,"Brooklyn,  NY",11211.0,40.7185822,-73.9412909
13,8702766929,21,1149A,245,Frost St,"Brooklyn,  NY",11211.0,40.7186267,-73.9410613
14,8702766930,21,1150A,247,Frost St,"Brooklyn,  NY",11211.0,40.7185524,-73.94092049999999
15,8699770583,71,0749A,290,Frost St,"Brooklyn,  NY",11222.0,40.71855679999999,-73.9396071
16,8699770595,70,0753A,340,Frost St,"Brooklyn,  NY",11211.0,40.7189819,-73.9378967
17,8636958866,21,1153A,471,Humboldt St,"Brooklyn,  NY",11211.0,40.7186713,-73.94354
18,1438401164,46,0730A,32,Jackson St,"Brooklyn,  NY",11215.0,40.6623025,-73.986657
19,8692589627,21,0952A,59,Jackson St,"Brooklyn,  NY",11211.0,40.716414,-73.94919200000001
20,8692589639,21,0953A,59,Jackson St,"Brooklyn,  NY",11211.0,40.716414,-73.94919200000001
21,8692589603,21,0948A,75,Jackson St,"Brooklyn,  NY",11211.0,40.716482,-73.948515
22,8692589585,21,0946A,103,Jackson St,"Brooklyn,  NY",11211.0,40.7165636,-73.947249
23,8692589597,21,0946A,107,Jackson St,"Brooklyn,  NY",11211.0,40.7165808,-73.9470309
24,8692589573,21,0944A,120,Jackson St,"Brooklyn,  NY",11211.0,40.7163419,-73.946709
25,8670481303,71,1154A,129,Jackson St,"Brooklyn,  NY",11211.0,40.7166692,-73.9460204
26,8699770911,21,1141A,129,Jackson St,"Brooklyn,  NY",11211.0,40.7166692,-73.9460204
27,8699770923,21,1142A,135,Jackson St,"Brooklyn,  NY",11211.0,40.7166822,-73.9457127
28,8699770935,21,1145A,159,Jackson St,"Brooklyn,  NY",11211.0,40.71677529999999,-73.9445966
29,8699770947,21,1146A,167,Jackson St,"Brooklyn,  NY",11211.0,40.7168643,-73.9441374
30,8699770959,21,1147A,169,Jackson St,"Brooklyn,  NY",11211.0,40.7168899,-73.9440456
31,8692589792,21,1148A,181,Jackson St,"Brooklyn,  NY",11211.0,40.7168887,-73.94349450000001
32,8692589780,21,1146A,199,Jackson St,"Brooklyn,  NY",11211.0,40.7170025,-73.9426676
33,8699770546,71,0729A,199,Jackson St,"Brooklyn,  NY",11211.0,40.7170025,-73.9426676
34,8692589755,21,1143A,205,Jackson St,"Brooklyn,  NY",11211.0,40.7170019,-73.94239209999999
35,8692589767,21,1144A,207,Jackson St,"Brooklyn,  NY",11211.0,40.71702740000001,-73.94230019999999
36,8692589779,21,1145A,207,Jackson St,"Brooklyn,  NY",11211.0,40.71702740000001,-73.94230019999999
37,8699770558,71,0733A,243,Jackson St,"Brooklyn,  NY",11211.0,40.7171407,-73.9405452
38,8708932293,71,0129P,300,Jackson St,"Brooklyn,  NY",11211.0,40.7173787,-73.9388881
39,8708932300,71,0131P,300,Jackson St,"Brooklyn,  NY",11211.0,40.7173787,-73.9388881
40,8611688521,71,0207P,278,N 6th St,"Brooklyn,  NY",11211.0,40.7148383,-73.9544291
41,8611688557,71,0227P,204,N 8th St,"Brooklyn,  NY",11211.0,40.7173119,-73.95575149999999
42,8611688600,70,0248P,167,N 9th St,"Brooklyn,  NY",11211.0,40.718856,-73.9559208
43,8611688594,71,0246P,177,N 9th St,"Brooklyn,  NY",11211.0,40.7187472,-73.9557975
44,8702767170,71,0133P,12,Ash St,"Brooklyn,  NY",11222.0,40.737793,-73.954931
45,8670481133,14,1128A,98,Bayard St,"Brooklyn,  NY",11222.0,40.718965,-73.94809029999999
46,8670481145,14,1129A,106,Bayard St,"Brooklyn,  NY",11222.0,40.7189697,-73.94760029999999
47,8670481157,14,1131A,106,Bayard St,"Brooklyn,  NY",11222.0,40.7189697,-73.94760029999999
48,8670481169,14,1131A,106,Bayard St,"Brooklyn,  NY",11222.0,40.7189697,-73.94760029999999
49,8702766838,71,1011A,31,Beadel St,"Brooklyn,  NY",11222.0,40.7213015,-73.9396285
50,8611688648,38,0323P,6,Bedford Ave,"Brooklyn,  NY",11222.0,40.72395960000001,-73.95126840000002
51,8611688636,71,0321P,10,Bedford Ave,"Brooklyn,  NY",11222.0,40.7238869,-73.95141199999999
52,8670481364,70,0351P,50,Bedford Ave,"Brooklyn,  NY",11222.0,40.7220162,-73.9538965
53,1449807630,40,0740P,7,BELL SLIP,"Brooklyn,  NY",11222.0,40.7371063,-73.9589751
54,8678424930,70,1149A,35,Box St,"Brooklyn,  NY",11222.0,40.73741769999999,-73.9550356
55,8708854853,20,1149A,44,Box St,"Brooklyn,  NY",11222.0,40.737096,-73.95482299999999
56,8718762293,71,1004A,68,Box St,"Brooklyn,  NY",11222.0,40.73719,-73.953751
57,8702766980,71,1223P,5,Bridgewater St,"Brooklyn,  NY",11222.0,40.7268161,-73.93458780000002
58,8702766991,71,1225P,5,Bridgewater St,"Brooklyn,  NY",11222.0,40.7268161,-73.93458780000002
59,8702766978,71,1221P,50,Bridgewater St,"Brooklyn,  NY",11222.0,40.7285297,-73.93616999999999
60,8611688764,38,0545P,123,Greenpoint Ave,"Brooklyn,  NY",11222.0,40.7303301,-73.95525599999999
61,8636958829,21,1142A,498,Humboldt St,"Brooklyn,  NY",11222.0,40.71935149999999,-73.9433689
62,8699770467,70,0338P,564,Humboldt St,"Brooklyn,  NY",11222.0,40.7213218,-73.9445124
63,8699770479,70,0339P,566,Humboldt St,"Brooklyn,  NY",11222.0,40.7213637,-73.94453530000001
64,8702767296,14,0240P,810,Humboldt St,"Brooklyn,  NY",11222.0,40.7295788,-73.9457219
65,8702767302,14,0240P,810,Humboldt St,"Brooklyn,  NY",11222.0,40.7295788,-73.9457219
66,8702767314,14,0241P,810,Humboldt St,"Brooklyn,  NY",11222.0,40.7295788,-73.9457219
67,8702767284,14,0238P,824,Humboldt St,"Brooklyn,  NY",11222.0,40.7299816,-73.9460328
68,8702767272,14,0237P,830,Humboldt St,"Brooklyn,  NY",11222.0,40.7301294,-73.9459286
69,8702767259,71,0232P,854,Humboldt St,"Brooklyn,  NY",11222.0,40.73069590000001,-73.9461541
70,8611688703,38,0509P,724,Manhattan Ave,"Brooklyn,  NY",11222.0,40.7261136,-73.9518859
71,8611688650,71,0335P,747,Manhattan Ave,"Brooklyn,  NY",11222.0,40.72648909999999,-73.9526053
72,8611688715,38,0515P,775,Manhattan Ave,"Brooklyn,  NY",11222.0,40.7272194,-73.9529306
73,8611688727,71,0516P,788,Manhattan Ave,"Brooklyn,  NY",11222.0,40.72758959999999,-73.9527698
74,8611688740,38,0529P,861,Manhattan Ave,"Brooklyn,  NY",11222.0,40.7292265,-73.9541792
75,8611688697,38,0349P,119,Meserole Ave,"Brooklyn,  NY",11222.0,40.727274,-73.952467
76,8649427054,38,1221P,31,Nassau Ave,"Brooklyn,  NY",11222.0,40.7231404,-73.9531136
77,8649427066,38,1222P,31,Nassau Ave,"Brooklyn,  NY",11222.0,40.7231404,-73.9531136
78,8649427078,38,1230P,85,Nassau Ave,"Brooklyn,  NY",11222.0,40.723856,-73.95104839999999
79,8698408382,19,1059A,99,Nassau Ave,"Brooklyn,  NY",11222.0,40.72414149999999,-73.950287
80,8670481339,70,0155P,112,Nassau Ave,"Brooklyn,  NY",11222.0,40.7241209,-73.9492291
81,8708932438,40,0518P,225,Nassau Ave,"Brooklyn,  NY",11222.0,40.7259057,-73.94339839999999
82,8698408370,19,1050A,249,Nassau Ave,"Brooklyn,  NY",11222.0,40.7260079,-73.94208789999999
83,1447463377,46,0554P,164,BEDFORD AVE,"Brooklyn,  NY",11249.0,40.71840359999999,-73.9574018
84,8649427030,20,1205P,69,Berry St,"Brooklyn,  NY",11249.0,40.7201645,-73.9572195
85,8580459527,20,0251P,69,Berry St,"Brooklyn,  NY",11249.0,40.7201645,-73.9572195
86,8649427029,71,1204P,72,Berry St,"Brooklyn,  NY",11249.0,40.7201349,-73.9577927
87,8649427017,71,1155A,159,Berry St,"Brooklyn,  NY",11249.0,40.7176672,-73.9599238
88,8649426992,40,1149A,186,Berry St,"Brooklyn,  NY",11249.0,40.7167028,-73.961242
89,8649427005,71,1150A,186,Berry St,"Brooklyn,  NY",11249.0,40.7167028,-73.961242
90,8611688612,71,0258P,148,N 10th St,"Brooklyn,  NY",11249.0,40.7197533,-73.9565788
91,8579222023,16,0813A,79,N 5th St,"Brooklyn,  NY",11249.0,40.7183,-73.960999
92,8611688478,71,0136P,109,N 5th St,"Brooklyn,  NY",11249.0,40.7175223,-73.95996509999999
93,8611688480,71,0145P,112,N 6th St,"Brooklyn,  NY",11249.0,40.7181276,-73.96012770000002
94,8611688491,71,0148P,126,N 6th St,"Brooklyn,  NY",11249.0,40.7178605,-73.95954189999999
95,8677378364,71,0938A,232,Calyer St,"Brooklyn,  NY",11222.0,40.72900730000001,-73.9501415
96,8702767193,71,0144P,96,Clay St,"Brooklyn,  NY",11222.0,40.7364573,-73.9543297
97,8702767200,71,0147P,146,Clay St,"Brooklyn,  NY",11222.0,40.7366875,-73.95201060000001
98,8708932268,71,1141A,5,Commercial St,"Brooklyn,  NY",11222.0,40.7358702,-73.95941069999999
99,8702767144,16,0120P,65,Commercial St,"Brooklyn,  NY",11222.0,40.7370721,-73.9573861
100,8702767132,71,0118P,65,Commercial St,"Brooklyn,  NY",11222.0,40.7370721,-73.9573861
101,8692589550,21,0940A,23,Conselyea St,"Brooklyn,  NY",11211.0,40.714851,-73.9506679
102,8692589561,21,0940A,25,Conselyea St,"Brooklyn,  NY",11211.0,40.7148009,-73.9506016
103,8692589548,21,0938A,39,Conselyea St,"Brooklyn,  NY",11211.0,40.7148366,-73.9499702
104,8699770820,21,0948A,64,Conselyea St,"Brooklyn,  NY",11211.0,40.7146646,-73.948764
105,8699770807,21,0946A,72,Conselyea St,"Brooklyn,  NY",11211.0,40.7147572,-73.94850339999999
106,8699770819,21,0947A,72,Conselyea St,"Brooklyn,  NY",11211.0,40.7147572,-73.94850339999999
107,8699770790,21,0946A,74,Conselyea St,"Brooklyn,  NY",11211.0,40.7146593,-73.948472
108,8699770789,21,0945A,78,Conselyea St,"Brooklyn,  NY",11211.0,40.714736,-73.94824729999999
109,8699770777,21,0944A,80,Conselyea St,"Brooklyn,  NY",11211.0,40.714734,-73.948167
110,8699770832,21,0949A,82,Conselyea St,"Brooklyn,  NY",11211.0,40.7147558,-73.9480485
111,8699770741,21,0940A,92,Conselyea St,"Brooklyn,  NY",11211.0,40.7147481,-73.9475934
112,8699770730,21,0939A,95,Conselyea St,"Brooklyn,  NY",11211.0,40.71511539999999,-73.94737669999999
113,8699770728,21,0937A,105,Conselyea St,"Brooklyn,  NY",11211.0,40.71519,-73.947047
114,8699770893,21,1137A,133,Conselyea St,"Brooklyn,  NY",11211.0,40.7152856,-73.94578709999999
115,8692589731,21,1136A,137,Conselyea St,"Brooklyn,  NY",11211.0,40.7152981,-73.9456034
116,8677378327,71,0923A,11,Diamond St,"Brooklyn,  NY",11222.0,40.7232045,-73.9455808
117,8677378339,71,0924A,16,Diamond St,"Brooklyn,  NY",11222.0,40.7234555,-73.9454653
118,8677378340,71,0927A,65,Diamond St,"Brooklyn,  NY",11222.0,40.72474020000001,-73.9465718
119,8677378352,71,0934A,193,Diamond St,"Brooklyn,  NY",11222.0,40.7288223,-73.94897619999999
120,8725653830,16,0435P,66,Dobbin St,"Brooklyn,  NY",11222.0,40.724364,-73.9538487
121,8725653866,16,0440P,66,Dobbin St,"Brooklyn,  NY",11222.0,40.724364,-73.9538487
122,8725653842,16,0437P,66,Dobbin St,"Brooklyn,  NY",11222.0,40.724364,-73.9538487
123,8725653854,16,0439P,66,Dobbin St,"Brooklyn,  NY",11222.0,40.724364,-73.9538487
124,8725653878,16,0551P,88,Dobbin St,"Brooklyn,  NY",11222.0,40.724989,-73.9542524
125,8725653880,16,0553P,88,Dobbin St,"Brooklyn,  NY",11222.0,40.724989,-73.9542524
126,8725653805,20,0427P,117,Dobbin St,"Brooklyn,  NY",11222.0,40.7258121,-73.9552464
127,8725653817,71,0428P,117,Dobbin St,"Brooklyn,  NY",11222.0,40.7258121,-73.9552464
128,8725653829,20,0430P,117,Dobbin St,"Brooklyn,  NY",11222.0,40.7258121,-73.9552464
129,8678424850,71,0958A,248,Driggs Ave,"Brooklyn,  NY",11222.0,40.7228738,-73.9478553
130,8699770443,71,0326P,248,Driggs Ave,"Brooklyn,  NY",11222.0,40.7228738,-73.9478553
131,8718762025,14,0753A,257,Driggs Ave,"Brooklyn,  NY",11222.0,40.722432,-73.94799569999999
132,8611688545,19,0223P,509,Driggs Ave,"Brooklyn,  NY",11211.0,40.7178117,-73.9554048
133,8702767247,70,0155P,188,Dupont St,"Brooklyn,  NY",11222.0,40.7359374,-73.95187640000002
134,8702767235,71,0153P,188,Dupont St,"Brooklyn,  NY",11222.0,40.7359374,-73.95187640000002
135,8699770431,71,0324P,104,Eckford St,"Brooklyn,  NY",11222.0,40.723298,-73.948218
136,8699770420,71,0322P,133,Eckford St,"Brooklyn,  NY",11222.0,40.72405819999999,-73.949043
137,8677378315,14,0902A,147,Eckford St,"Brooklyn,  NY",11222.0,40.7245485,-73.9493942
138,8699770418,71,0318P,181,Eckford St,"Brooklyn,  NY",11222.0,40.725499,-73.95004899999999
139,8699770352,14,0211P,128,Franklin St,"Brooklyn,  NY",11222.0,40.7293072,-73.9572712
140,8725653799,14,0421P,128,Franklin St,"Brooklyn,  NY",11222.0,40.7293072,-73.9572712
141,8708932256,71,1117A,208,Franklin St,"Brooklyn,  NY",11222.0,40.732628,-73.9578217
142,8699770984,71,0100P,192,Graham Ave,"Brooklyn,  NY",11206.0,40.7083853,-73.94317260000001
143,8699770972,71,1254P,269,Graham Ave,"Brooklyn,  NY",11211.0,40.7113697,-73.94403919999999
144,8698408394,46,1108A,376,Graham Ave,"Brooklyn,  NY",11211.0,40.7156469,-73.9443172
145,8636958805,21,1036A,441,Graham Ave,"Brooklyn,  NY",11211.0,40.7183797,-73.9452853
146,8699770455,70,0330P,509,Graham Ave,"Brooklyn,  NY",11222.0,40.7207878,-73.946797
147,8708932440,19,0605P,568,Graham Ave,"Brooklyn,  NY",11222.0,40.722465,-73.947208
148,8702766760,71,0904A,609,Grand St,"Brooklyn,  NY",11211.0,40.7114468,-73.9478417
149,8702767090,71,0101P,37,Greenpoint Ave,"Brooklyn,  NY",11222.0,40.7299565,-73.9589895
150,8677378420,71,1218P,77,Greenpoint Ave,"Brooklyn,  NY",11222.0,40.7300334,-73.9572259
151,8708932244,71,1114A,107,Greenpoint Ave,"Brooklyn,  NY",11222.0,40.73023,-73.9559645
152,8677378376,71,0943A,184,Greenpoint Ave,"Brooklyn,  NY",11222.0,40.730094,-73.95291499999999
153,8708932323,71,0201P,30,Havemeyer St,"Brooklyn,  NY",11211.0,40.7156519,-73.95379369999999
154,8702766954,21,1158A,10,Herbert St,"Brooklyn,  NY",11222.0,40.7189541,-73.9446291
155,8724652076,21,1157A,50,Herbert St,"Brooklyn,  NY",11222.0,40.7197264,-73.9433574
156,8724652088,21,1158A,50,Herbert St,"Brooklyn,  NY",11222.0,40.7197264,-73.9433574
157,8724652064,21,1156A,55,Herbert St,"Brooklyn,  NY",11222.0,40.7201445,-73.9433111
158,8724651941,21,1141A,89,Herbert St,"Brooklyn,  NY",11222.0,40.7205514,-73.94156149999999
159,8724651930,21,1140A,91,Herbert St,"Brooklyn,  NY",11222.0,40.72061799999999,-73.941464
160,8724651928,21,1139A,95,Herbert St,"Brooklyn,  NY",11222.0,40.720567,-73.941272
161,8699770248,71,1242P,174,Huron St,"Brooklyn,  NY",11222.0,40.7329522,-73.95438039999999
162,8699770250,70,1250P,216,Huron St,"Brooklyn,  NY",11222.0,40.733077,-73.9525436
163,8611688790,40,0605P,74,India St,"Brooklyn,  NY",11222.0,40.731918,-73.9576634
164,8611688788,71,0601P,84,India St,"Brooklyn,  NY",11222.0,40.7319529,-73.95707519999999
165,8699770297,71,0104P,167,India St,"Brooklyn,  NY",11222.0,40.732628,-73.9531865
166,8699770273,82,1258P,228,India St,"Brooklyn,  NY",11222.0,40.7326329,-73.9505386
167,8699770261,82,1256P,232,India St,"Brooklyn,  NY",11222.0,40.732486,-73.95035899999999
168,8702767107,71,0107P,49,Java St,"Brooklyn,  NY",11222.0,40.7313272,-73.95924049999999
169,8699770194,70,1140A,89,Java St,"Brooklyn,  NY",11222.0,40.7315619,-73.9573379
170,8699770200,71,1142A,109,Java St,"Brooklyn,  NY",11222.0,40.7316349,-73.9565357
171,8699770212,70,1145A,137,Java St,"Brooklyn,  NY",11222.0,40.731736,-73.955497
172,8677378431,71,1251P,141,Java St,"Brooklyn,  NY",11222.0,40.731753,-73.9553169
173,8699770224,71,1146A,141,Java St,"Brooklyn,  NY",11222.0,40.731753,-73.9553169
174,8699770236,71,1147A,145,Java St,"Brooklyn,  NY",11222.0,40.73170959999999,-73.9550797
175,8699770170,71,1131A,93,Kent Ave,"Brooklyn,  NY",11249.0,40.720838,-73.96059799999999
176,8702767351,20,0344P,127,Kent Ave,"Brooklyn,  NY",11249.0,40.719907,-73.961743
177,8678424898,16,1125A,156,Kent St,"Brooklyn,  NY",11222.0,40.7307849,-73.9548784
178,8677378390,71,1038A,158,Kent St,"Brooklyn,  NY",11222.0,40.7307605,-73.9546502
179,8699770315,71,0200P,167,Kent St,"Brooklyn,  NY",11222.0,40.7311021,-73.9540736
180,8699770303,70,0116P,232,Kent St,"Brooklyn,  NY",11222.0,40.7310727,-73.9510001
181,8677378418,70,1137A,257,Kent St,"Brooklyn,  NY",11222.0,40.7314482,-73.9500608
182,8677378406,70,1135A,259,Kent St,"Brooklyn,  NY",11222.0,40.73147489999999,-73.9497738
183,8702766840,40,1022A,224,Kingsland Ave,"Brooklyn,  NY",11222.0,40.7244736,-73.9411873
184,8702766851,71,1046A,300,Kingsland Ave,"Brooklyn,  NY",11222.0,40.7268228,-73.94155719999999
185,8702766863,82,1048A,300,Kingsland Ave,"Brooklyn,  NY",11222.0,40.7268228,-73.94155719999999
186,8699770765,21,0943A,314,Leonard St,"Brooklyn,  NY",11211.0,40.7151187,-73.9476753
187,8699770753,21,0942A,316,Leonard St,"Brooklyn,  NY",11211.0,40.7151804,-73.94769819999999
188,8692589615,21,0950A,343,Leonard St,"Brooklyn,  NY",11211.0,40.7160668,-73.94816449999999
189,8670481340,40,0206P,520,Leonard St,"Brooklyn,  NY",11222.0,40.7229,-73.9489849
190,8670481352,71,0315P,542,Leonard St,"Brooklyn,  NY",11222.0,40.723491,-73.9494241
191,8699770510,71,0613P,601,Leonard St,"Brooklyn,  NY",11222.0,40.725214,-73.950909
192,8699770613,74,0804A,68,Lombardy St,"Brooklyn,  NY",11222.0,40.7223443,-73.9378024
193,8702766723,21,0846A,493,Lorimer St,"Brooklyn,  NY",11211.0,40.7116305,-73.94917459999999
194,8702766735,21,0847A,499,Lorimer St,"Brooklyn,  NY",11211.0,40.71174300000001,-73.949271
195,8699770844,21,0951A,588,Lorimer St,"Brooklyn,  NY",11211.0,40.714543,-73.949203
196,8699770856,21,0953A,592,Lorimer St,"Brooklyn,  NY",11211.0,40.7146672,-73.9492576
197,8699770868,21,0953A,592,Lorimer St,"Brooklyn,  NY",11211.0,40.7146672,-73.9492576
198,8699770870,21,0956A,636,Lorimer St,"Brooklyn,  NY",11211.0,40.7159128,-73.9494692
199,8699770522,40,0707A,732,Lorimer St,"Brooklyn,  NY",11211.0,40.7189076,-73.9499452
200,8649427080,71,1237P,945,Lorimer St,"Brooklyn,  NY",11222.0,40.72432,-73.952444
201,8649427091,71,1242P,979,Lorimer St,"Brooklyn,  NY",11222.0,40.725232,-73.952905
202,8702766784,21,0910A,201,Manhattan Ave,"Brooklyn,  NY",11206.0,40.710763,-73.9454788
203,8702766796,21,0911A,201,Manhattan Ave,"Brooklyn,  NY",11206.0,40.710763,-73.9454788
204,8702766802,71,0912A,201,Manhattan Ave,"Brooklyn,  NY",11206.0,40.710763,-73.9454788
205,8702766747,21,0856A,245,Manhattan Ave,"Brooklyn,  NY",11211.0,40.7119743,-73.9457628
206,8702766772,21,0909A,295,Manhattan Ave,"Brooklyn,  NY",11211.0,40.71394979999999,-73.9461905
207,8636958880,21,1214P,317,Manhattan Ave,"Brooklyn,  NY",11211.0,40.7147422,-73.9463306
208,8699770900,21,1139A,335,Manhattan Ave,"Brooklyn,  NY",11211.0,40.7155017,-73.9464406
209,8670481285,21,1150A,379,Manhattan Ave,"Brooklyn,  NY",11211.0,40.71743559999999,-73.9468031
210,8670481297,70,1151A,379,Manhattan Ave,"Brooklyn,  NY",11211.0,40.71743559999999,-73.9468031
211,8670481182,21,1137A,400,Manhattan Ave,"Brooklyn,  NY",11211.0,40.7180476,-73.94647979999999
212,8670481170,21,1136A,404,Manhattan Ave,"Brooklyn,  NY",11211.0,40.7181955,-73.9464333
213,8708854786,71,1009A,657,Manhattan Ave,"Brooklyn,  NY",11222.0,40.7244607,-73.95138490000001
214,8678424862,38,1012A,670,Manhattan Ave,"Brooklyn,  NY",11222.0,40.7248192,-73.95125139999999
215,8678424989,38,0141P,717,Manhattan Ave,"Brooklyn,  NY",11222.0,40.725901,-73.952193
216,8678424990,74,0142P,717,Manhattan Ave,"Brooklyn,  NY",11222.0,40.725901,-73.952193
217,8678424874,38,1017A,720,Manhattan Ave,"Brooklyn,  NY",11222.0,40.7260605,-73.95185150000002
218,8708854907,38,0140P,720,Manhattan Ave,"Brooklyn,  NY",11222.0,40.7260605,-73.95185150000002
219,8708854890,38,0138P,736,Manhattan Ave,"Brooklyn,  NY",11222.0,40.726344,-73.95215
220,8699770406,71,0230P,739,Manhattan Ave,"Brooklyn,  NY",11222.0,40.7263151,-73.9524675
221,8678424886,38,1022A,741,Manhattan Ave,"Brooklyn,  NY",11222.0,40.7263403,-73.9525608
222,8611688661,38,0338P,757,Manhattan Ave,"Brooklyn,  NY",11222.0,40.7267564,-73.9527201
223,8611688673,38,0340P,757,Manhattan Ave,"Brooklyn,  NY",11222.0,40.7267564,-73.9527201
224,8678424977,38,0133P,788,Manhattan Ave,"Brooklyn,  NY",11222.0,40.72758959999999,-73.9527698
225,8611688685,70,0345P,795,Manhattan Ave,"Brooklyn,  NY",11222.0,40.72765,-73.95326360000001
226,8708854889,20,0130P,802,Manhattan Ave,"Brooklyn,  NY",11222.0,40.7280179,-73.9529306
227,8708854798,38,1037A,849,Manhattan Ave,"Brooklyn,  NY",11222.0,40.7289636,-73.9540124
228,8611688739,38,0527P,857,Manhattan Ave,"Brooklyn,  NY",11222.0,40.7291684,-73.953951
229,8611688752,38,0531P,861,Manhattan Ave,"Brooklyn,  NY",11222.0,40.7292265,-73.9541792
230,8698408369,19,1032A,887,Manhattan Ave,"Brooklyn,  NY",11222.0,40.7298573,-73.9543348
231,8699770327,71,0202P,887,Manhattan Ave,"Brooklyn,  NY",11222.0,40.7298573,-73.9543348
232,8677378388,38,1017A,918,Manhattan Ave,"Brooklyn,  NY",11222.0,40.7307509,-73.9541026
233,8708854804,48,1125A,926,Manhattan Ave,"Brooklyn,  NY",11222.0,40.73104350000001,-73.954223
234,8678424953,38,1215P,937,Manhattan Ave,"Brooklyn,  NY",11222.0,40.7312936,-73.9548677
235,8611688776,38,0550P,937,Manhattan Ave,"Brooklyn,  NY",11222.0,40.7312936,-73.9548677
236,8718762013,21,0742A,992,Manhattan Ave,"Brooklyn,  NY",11222.0,40.7329252,-73.9545297
237,8678424904,38,1135A,1007,Manhattan Ave,"Brooklyn,  NY",11222.0,40.7333939,-73.95506739999999
238,8708854816,38,1135A,1007,Manhattan Ave,"Brooklyn,  NY",11222.0,40.7333939,-73.95506739999999
239,8708854865,71,1209P,1013,Manhattan Ave,"Brooklyn,  NY",11222.0,40.7335511,-73.95495079999999
240,8678424916,38,1138A,1018,Manhattan Ave,"Brooklyn,  NY",11222.0,40.7336406,-73.9546101
241,8678424928,70,1139A,1018,Manhattan Ave,"Brooklyn,  NY",11222.0,40.7336406,-73.9546101
242,8708854828,38,1139A,1025,Manhattan Ave,"Brooklyn,  NY",11222.0,40.7339858,-73.955158
243,8708854830,70,1141A,1053,Manhattan Ave,"Brooklyn,  NY",11222.0,40.7347741,-73.9551998
244,8708854841,70,1143A,1055,Manhattan Ave,"Brooklyn,  NY",11222.0,40.7348154,-73.9552965
245,8678424941,38,1204P,1077,Manhattan Ave,"Brooklyn,  NY",11222.0,40.7354534,-73.9554323
246,8702767156,19,0126P,1104,Manhattan Ave,"Brooklyn,  NY",11222.0,40.7362851,-73.9550196
247,8702767181,70,0137P,1150,Manhattan Ave,"Brooklyn,  NY",11222.0,40.73768,-73.9552235
248,8702767430,14,0558P,82,Maspeth Ave,"Brooklyn,  NY",11211.0,40.715608,-73.939758
249,1449725090,51,0120A,256,MCGUINNESS BLVD,"Brooklyn,  NY",11222.0,40.731068,-73.9512044
250,8699770285,71,0101P,293,McGuinness Blvd,"Brooklyn,  NY",11222.0,40.7321857,-73.95213749999999
251,8702767168,71,0130P,404,McGuinness Blvd,"Brooklyn,  NY",11222.0,40.7370399,-73.9522546
252,8699770534,70,0718A,240,Meeker Ave,"Brooklyn,  NY",11211.0,40.7158983,-73.95038430000001
253,8702766589,71,0649A,240,Meeker Ave,"Brooklyn,  NY",11211.0,40.7158983,-73.95038430000001
254,8724651898,68,1123A,240,Meeker Ave,"Brooklyn,  NY",11211.0,40.7158983,-73.95038430000001
255,8636958787,74,1015A,372,Meeker Ave,"Brooklyn,  NY",11211.0,40.7178372,-73.94762639999999
256,8636958799,71,1019A,372,Meeker Ave,"Brooklyn,  NY",11211.0,40.7178372,-73.94762639999999
257,8699770480,71,0430P,621,Meeker Ave,"Brooklyn,  NY",11222.0,40.7221985,-73.9415159
258,8699770492,74,0440P,667,Meeker Ave,"Brooklyn,  NY",11222.0,40.7228134,-73.94064929999999
259,1450764216,74,0815A,968,MEEKER AVE,"Brooklyn,  NY",11222.0,40.7273618,-73.9329843
260,8702767340,74,0332P,91,Metropolitan Ave,"Brooklyn,  NY",11249.0,40.7170233,-73.9633992
261,8636958891,19,1217P,650,Metropolitan Ave,"Brooklyn,  NY",11211.0,40.7140906,-73.9473156
262,8636958908,20,1218P,650,Metropolitan Ave,"Brooklyn,  NY",11211.0,40.7140906,-73.9473156
263,8699770340,71,0208P,106,Milton St,"Brooklyn,  NY",11222.0,40.7291226,-73.9562165
264,8699770339,71,0206P,118,Milton St,"Brooklyn,  NY",11222.0,40.7291265,-73.9557688
265,8702766826,74,0930A,17,Monitor St,"Brooklyn,  NY",11222.0,40.7194385,-73.9416267
266,8724651989,21,1145A,17,Monitor St,"Brooklyn,  NY",11222.0,40.7194385,-73.9416267
267,8724651990,21,1146A,17,Monitor St,"Brooklyn,  NY",11222.0,40.7194385,-73.9416267
268,8724652003,21,1147A,17,Monitor St,"Brooklyn,  NY",11222.0,40.7194385,-73.9416267
269,8724651977,21,1144A,21,Monitor St,"Brooklyn,  NY",11222.0,40.7197938,-73.94193489999999
270,8724651904,21,1136A,37,Monitor St,"Brooklyn,  NY",11222.0,40.7203744,-73.9417483
271,8724651916,21,1137A,37,Monitor St,"Brooklyn,  NY",11222.0,40.7203744,-73.9417483
272,8699770509,71,0534P,99,Monitor St,"Brooklyn,  NY",11222.0,40.7226749,-73.942354
273,8718761999,21,0739A,918,Monitor St,"Brooklyn,  NY",11222.0,40.7257893,-73.942633
274,8718762001,21,0740A,952,Monitor St,"Brooklyn,  NY",11222.0,40.7257893,-73.942633
275,8708932281,70,0105P,398,Morgan Ave,"Brooklyn,  NY",11211.0,40.71776029999999,-73.9366252
276,8718761951,20,0716A,420,Morgan Ave,"Brooklyn,  NY",11222.0,40.718773,-73.9370062
277,8699770625,14,0809A,560,Morgan Ave,"Brooklyn,  NY",11222.0,40.7236694,-73.9391038
278,8702766887,71,1110A,640,Morgan Ave,"Brooklyn,  NY",11222.0,40.7265059,-73.9396107
279,8702766875,71,1109A,654,Morgan Ave,"Brooklyn,  NY",11222.0,40.7268883,-73.9394355
280,8702766899,20,1112A,670,Morgan Ave,"Brooklyn,  NY",11222.0,40.7271643,-73.9398843
281,8702766966,20,1217P,670,Morgan Ave,"Brooklyn,  NY",11222.0,40.7271643,-73.9398843
282,8677378297,71,0840A,142,N 10th St,"Brooklyn,  NY",11249.0,40.719724,-73.956777
283,8677378303,71,0842A,142,N 10th St,"Brooklyn,  NY",11249.0,40.719724,-73.956777
284,8611688624,71,0304P,190,N 10th St,"Brooklyn,  NY",11211.0,40.718686,-73.955109
285,8724652143,71,0346P,220,N 10th St,"Brooklyn,  NY",11211.0,40.7181437,-73.9539877
286,8722754039,16,1246P,113,N 3rd St,"Brooklyn,  NY",11249.0,40.7166436,-73.9613366
287,8722754040,14,0131P,119,N 4th St,"Brooklyn,  NY",11249.0,40.7167941,-73.96021019999999
288,8722754052,14,0219P,119,N 4th St,"Brooklyn,  NY",11249.0,40.7167941,-73.96021019999999
289,8725653714,16,0329P,123,N 4th St,"Brooklyn,  NY",11249.0,40.7167086,-73.9600839
290,8725653726,16,0331P,126,N 4th St,"Brooklyn,  NY",11249.0,40.7167273,-73.9605634
291,8722753965,71,1151A,159,N 4th St,"Brooklyn,  NY",11211.0,40.7158602,-73.9587133
292,8722753953,14,1108A,159,N 4th St,"Brooklyn,  NY",11211.0,40.7158602,-73.9587133
293,8702766700,20,0831A,230,N 4th St,"Brooklyn,  NY",11211.0,40.7147095,-73.95748619999999
294,8579222011,20,0808A,79,N 5th St,"Brooklyn,  NY",11249.0,40.7183,-73.960999
295,8725653763,20,0403P,48,N 6th St,"Brooklyn,  NY",11249.0,40.71958009999999,-73.962209
296,8725653775,20,0404P,50,N 6th St,"Brooklyn,  NY",11249.0,40.7194624,-73.9621925
297,8725653738,16,0337P,113,N 6th St,"Brooklyn,  NY",11249.0,40.7182973,-73.9597316
298,8611688508,40,0151P,141,N 6th St,"Brooklyn,  NY",11249.0,40.7177176,-73.9585702
299,8611688510,70,0203P,244,N 6th St,"Brooklyn,  NY",11211.0,40.7154081,-73.9556187
300,8725653751,16,0343P,154,N 7th St,"Brooklyn,  NY",11249.0,40.7179558,-73.9583239
301,8725653740,16,0341P,242,N 7th St,"Brooklyn,  NY",11211.0,40.7162581,-73.9554615
302,8611688582,71,0242P,205,N 9th St,"Brooklyn,  NY",11211.0,40.7180718,-73.9548138
303,8611688570,71,0239P,225,N 9th St,"Brooklyn,  NY",11211.0,40.7177573,-73.9541784
304,8611688569,71,0236P,238,N 9th St,"Brooklyn,  NY",11211.0,40.7170936,-73.9540383
305,8724652039,21,1151A,4,N Henry St,"Brooklyn,  NY",11222.0,40.7193912,-73.9422736
306,8724652040,21,1153A,27,N Henry St,"Brooklyn,  NY",11222.0,40.7199182,-73.9428064
307,8724652052,21,1154A,31,N Henry St,"Brooklyn,  NY",11222.0,40.720015,-73.94294409999999
308,8692589810,21,1219P,35,N Henry St,"Brooklyn,  NY",11222.0,40.720307,-73.94298599999999
309,8692589809,21,1218P,39,N Henry St,"Brooklyn,  NY",11222.0,40.72051039999999,-73.9428978
310,8699770388,71,0217P,49,Noble St,"Brooklyn,  NY",11222.0,40.72830159999999,-73.9590096
311,8699770390,71,0221P,99,Noble St,"Brooklyn,  NY",11222.0,40.7286925,-73.9567217
312,8708854877,38,0125P,156,Noble St,"Brooklyn,  NY",11222.0,40.7286293,-73.9541033
313,8702767077,71,1247P,122,Norman Ave,"Brooklyn,  NY",11222.0,40.7259164,-73.949736
314,8702767065,71,1245P,124,Norman Ave,"Brooklyn,  NY",11222.0,40.7259419,-73.94964410000001
315,8702767053,71,1241P,190,Norman Ave,"Brooklyn,  NY",11222.0,40.727039,-73.94645899999999
316,8702767041,71,1240P,192,Norman Ave,"Brooklyn,  NY",11222.0,40.727002,-73.946253
317,8708932270,71,1215P,212,Norman Ave,"Brooklyn,  NY",11222.0,40.7272902,-73.9452816
318,8702767028,71,1235P,215,Norman Ave,"Brooklyn,  NY",11222.0,40.7275655,-73.9451366
319,8702767016,20,1234P,215,Norman Ave,"Brooklyn,  NY",11222.0,40.7275655,-73.9451366
320,8702766759,21,0900A,1,Powers St,"Brooklyn,  NY",11211.0,40.71192509999999,-73.95085929999999
321,8692589718,21,1006A,141,Richardson St,"Brooklyn,  NY",11211.0,40.718851,-73.945757
322,8692589706,21,1005A,143,Richardson St,"Brooklyn,  NY",11211.0,40.718866,-73.945677
323,8692589690,21,1003A,150,Richardson St,"Brooklyn,  NY",11211.0,40.7185052,-73.94559199999999
324,8636958817,21,1136A,169,Richardson St,"Brooklyn,  NY",11222.0,40.7189612,-73.9442713
325,8636958830,71,1144A,192,Richardson St,"Brooklyn,  NY",11222.0,40.7188491,-73.9436563
326,8636958854,21,1151A,203,Richardson St,"Brooklyn,  NY",11222.0,40.7191204,-73.9428982
327,8636958842,46,1149A,210,Richardson St,"Brooklyn,  NY",11222.0,40.7188996,-73.942877
328,8699770960,21,1231P,241,Richardson St,"Brooklyn,  NY",11222.0,40.7192999,-73.941065
329,8724652015,21,1148A,241,Richardson St,"Brooklyn,  NY",11222.0,40.7192999,-73.941065
330,8724652027,21,1149A,241,Richardson St,"Brooklyn,  NY",11222.0,40.7192999,-73.941065
331,8718761940,14,0710A,242,Richardson St,"Brooklyn,  NY",11222.0,40.718913,-73.9412229
332,8692589846,14,1231P,242,Richardson St,"Brooklyn,  NY",11222.0,40.718913,-73.9412229
333,8692589822,20,1226P,284,Richardson St,"Brooklyn,  NY",11222.0,40.7194936,-73.9398179
334,8692589834,51,1228P,284,Richardson St,"Brooklyn,  NY",11222.0,40.7194936,-73.9398179
335,8702766681,74,0818A,123,Roebling St,"Brooklyn,  NY",11211.0,40.7148875,-73.9563039
336,8718761963,20,0724A,129,Russell St,"Brooklyn,  NY",11222.0,40.7248276,-73.9446616
337,8702767030,71,1237P,193,Russell St,"Brooklyn,  NY",11222.0,40.7272042,-73.94496610000002
338,1446452438,40,1030P,1530,SHERIDAN,"Brooklyn,  NY",10457.0,40.8414828,-73.9107825
339,8718762232,21,0937A,57,Skillman Ave,"Brooklyn,  NY",11211.0,40.7156267,-73.9493504
340,8718762244,21,0938A,65,Skillman Ave,"Brooklyn,  NY",11211.0,40.71570630000001,-73.9490477
341,8718762256,21,0939A,69,Skillman Ave,"Brooklyn,  NY",11211.0,40.71567539999999,-73.94889839999999
342,8718762268,21,0941A,105,Skillman Ave,"Brooklyn,  NY",11211.0,40.7158346,-73.9472141
343,8718762270,21,0942A,115,Skillman Ave,"Brooklyn,  NY",11211.0,40.7158964,-73.9467664
344,8718762281,21,0943A,121,Skillman Ave,"Brooklyn,  NY",11211.0,40.7158975,-73.9465712
345,8692589743,21,1140A,143,Skillman Ave,"Brooklyn,  NY",11211.0,40.7160594,-73.9454002
346,1452639280,71,0501P,34,THOMAS ST,"Brooklyn,  NY",11233.0,40.6840639,-73.91485569999999
347,1452639292,61,0503P,34,THOMAS ST,"Brooklyn,  NY",11233.0,40.6840639,-73.91485569999999
348,8702767004,71,1229P,68,Vandam St,"Brooklyn,  NY",11222.0,40.7271969,-73.93705609999999
349,8699770601,70,0801A,507,Vandervoort Ave,"Brooklyn,  NY",11222.0,40.7224418,-73.93732539999999
350,8643337948,19,0539P,104,West St,"Brooklyn,  NY",11222.0,40.7302241,-73.9591377
351,8708932384,19,0320P,104,West St,"Brooklyn,  NY",11222.0,40.7302241,-73.9591377
352,8708932372,19,0319P,104,West St,"Brooklyn,  NY",11222.0,40.7302241,-73.9591377
353,8699770182,82,1135A,122,West St,"Brooklyn,  NY",11222.0,40.7309551,-73.9592187
354,1449716301,98,1234P,60,WEST STREET,"Brooklyn,  NY",11222.0,40.7286056,-73.9587196
355,8692589640,21,0955A,84,Withers St,"Brooklyn,  NY",11211.0,40.7167967,-73.94878349999999
356,8692589652,21,0957A,106,Withers St,"Brooklyn,  NY",11211.0,40.7169222,-73.9478135
357,8692589664,21,0958A,106,Withers St,"Brooklyn,  NY",11211.0,40.7169222,-73.9478135
358,8692589676,21,1000A,125,Withers St,"Brooklyn,  NY",11211.0,40.7173203,-73.9470786
359,8692589688,21,1001A,127,Withers St,"Brooklyn,  NY",11211.0,40.71730730000001,-73.94698679999999
360,8670481273,21,1149A,145,Withers St,"Brooklyn,  NY",11211.0,40.7173834,-73.946158
361,8636958878,21,1202P,151,Withers St,"Brooklyn,  NY",11211.0,40.7174215,-73.9458825
362,8670481261,21,1148A,159,Withers St,"Brooklyn,  NY",11211.0,40.7174464,-73.9455151
363,8670481250,21,1146A,161,Withers St,"Brooklyn,  NY",11211.0,40.717472,-73.9454232
364,8692589858,72,1237P,173,Woodpoint Rd,"Brooklyn,  NY",11211.0,40.716727,-73.941684
365,8702767442,14,0615P,80,Wythe Ave,"Brooklyn,  NY",11249.0,40.7220266,-73.9580734
366,8579222000,16,0758A,175,Wythe Ave,"Brooklyn,  NY",11249.0,40.71838,-73.961265
367,8677378285,70,0826A,185,Wythe Ave,"Brooklyn,  NY",11249.0,40.7180815,-73.961806
368,8702766711,20,0833A,230,Wythe Ave,"Brooklyn,  NY",11249.0,40.7177982,-73.9624851
369,8677378273,71,0823A,268,Wythe Ave,"Brooklyn,  NY",11249.0,40.7169235,-73.9633831
370,8677378261,71,0819A,324,Wythe Ave,"Brooklyn,  NY",11249.0,40.7152269,-73.9648509
371,8677378250,71,0815A,355,Wythe Ave,"Brooklyn,  NY",11249.0,40.7126654,-73.96563359999999
372,8677378248,74,0808A,473,Wythe Ave,"Brooklyn,  NY",11249.0,40.7082027,-73.9670235
